Variant URL,Price,Barcode,Available,Proxy
https://www.shopwss.com/products/jh1298?variant=40951417765943,$170.00,'196475309899,True,regular
https://www.shopwss.com/products/ma0923_k5t?variant=41397516632119,$65.00,'197717616690,True,regular
https://www.shopwss.com/products/ka7506?variant=41334558687287,$80.00,'197617556881,True,regular
https://www.shopwss.com/products/ka7506?variant=41334558720055,$80.00,'197617556867,True,regular
https://www.shopwss.com/products/ka7506?variant=41334558752823,$80.00,'197617556850,True,regular
https://www.shopwss.com/products/ka7506?variant=41334558785591,$80.00,'197617556874,True,regular
https://www.shopwss.com/products/jp3072?variant=41334558162999,$40.00,'197617503540,True,regular
https://www.shopwss.com/products/dc0774_101?variant=40950335930423,$119.99,'196604364287,True,regular
https://www.shopwss.com/products/dc0774_101?variant=40950335963191,$119.99,'196604364263,True,regular
https://www.shopwss.com/products/dc0774_101?variant=40950335995959,$119.99,'196604364270,True,regular
https://www.shopwss.com/products/dc0774_101?variant=40950336028727,$119.99,'196604364249,False,regular
https://www.shopwss.com/products/dc0774_101?variant=40950336061495,$119.99,'196604364256,True,regular
https://www.shopwss.com/products/dc0774_101?variant=40950336094263,$119.99,'196604364294,True,regular
https://www.shopwss.com/products/dc0774_101?variant=40950336127031,$119.99,'196604364300,True,regular
https://www.shopwss.com/products/dc0774_101?variant=40950336159799,$119.99,'196604364317,True,regular
https://www.shopwss.com/products/dc0774_101?variant=40950336192567,$119.99,'196604364324,True,regular
https://www.shopwss.com/products/dc0774_101?variant=40950336225335,$119.99,'196604364331,False,regular
https://www.shopwss.com/products/dc0774_101?variant=40950336258103,$119.99,'196604364348,True,regular
https://www.shopwss.com/products/dh2920_001?variant=40947562184759,$89.99,'194954229546,True,regular
https://www.shopwss.com/products/dh2920_001?variant=40947562283063,$89.99,'194954229560,True,regular
https://www.shopwss.com/products/dh2920_001?variant=40947562381367,$89.99,'194954229553,True,regular
https://www.shopwss.com/products/dh2920_001?variant=40947562479671,$89.99,'194954229577,True,regular
https://www.shopwss.com/products/dh2920_001?variant=40947562577975,$89.99,'194954229584,True,regular
https://www.shopwss.com/products/dh2920_001?variant=40947562610743,$89.99,'194954229591,True,regular
https://www.shopwss.com/products/dh2920_001?variant=40947562643511,$89.99,'194954229607,True,regular
https://www.shopwss.com/products/dh2920_001?variant=40947562676279,$89.99,'194954229614,True,regular
https://www.shopwss.com/products/ka7507?variant=41334558851127,$110.00,'197617556928,True,regular
https://www.shopwss.com/products/ka7507?variant=41334558883895,$110.00,'197617556935,True,regular
https://www.shopwss.com/products/ka7507?variant=41334558916663,$110.00,'197617556898,True,regular
https://www.shopwss.com/products/ka7507?variant=41334558949431,$110.00,'197617556904,True,regular
https://www.shopwss.com/products/ck7302_906?variant=41047053434935,$22.00,'197860559455,True,regular
https://www.shopwss.com/products/ck7302_906?variant=41047053467703,$22.00,'197860570481,True,regular
https://www.shopwss.com/products/jn7374?variant=41334558228535,$15.00,'197626874259,True,regular
https://www.shopwss.com/products/314813l_lpmt?variant=47405893681282,$44.99,'198739118520,True,regular
https://www.shopwss.com/products/314813l_lpmt?variant=47405893714050,$44.99,'198739118544,True,regular
https://www.shopwss.com/products/314813l_lpmt?variant=47405893746818,$44.99,'198739118568,True,regular
https://www.shopwss.com/products/314813l_lpmt?variant=47405893779586,$44.99,'198739118582,True,regular
https://www.shopwss.com/products/314813l_lpmt?variant=47405893812354,$44.99,'198739118605,True,regular
https://www.shopwss.com/products/314813l_lpmt?variant=47405893845122,$44.99,'198739118629,True,regular
https://www.shopwss.com/products/dr9747_081?variant=41414781403191,$59.99,'198482031114,True,regular
https://www.shopwss.com/products/dr9747_081?variant=41414781435959,$59.99,'198482029807,True,regular
https://www.shopwss.com/products/dr9747_081?variant=41414781468727,$59.99,'198482019501,True,regular
https://www.shopwss.com/products/dr9747_081?variant=41414781501495,$59.99,'198482064983,True,regular
https://www.shopwss.com/products/dr9747_081?variant=41414781534263,$59.99,'198482043308,True,regular
https://www.shopwss.com/products/dr9747_081?variant=41414781567031,$59.99,'198482032791,True,regular
https://www.shopwss.com/products/dr9747_081?variant=41414781599799,$59.99,'198482028886,True,regular
https://www.shopwss.com/products/314621l_blmt?variant=47405894074498,$44.99,'198739803402,True,regular
https://www.shopwss.com/products/314621l_blmt?variant=47405894107266,$44.99,'198739803426,True,regular
https://www.shopwss.com/products/314621l_blmt?variant=47405894140034,$44.99,'198739803440,True,regular
https://www.shopwss.com/products/314621l_blmt?variant=47405894172802,$44.99,'198739803464,True,regular
https://www.shopwss.com/products/314621l_blmt?variant=47405894205570,$44.99,'198739803488,True,regular
https://www.shopwss.com/products/314621l_blmt?variant=47405894238338,$44.99,'198739803501,True,regular
https://www.shopwss.com/products/vn000eb9y09?variant=41420148310071,$47.99,'197805903947,True,regular
https://www.shopwss.com/products/vn000eb9y09?variant=41420148342839,$47.99,'197805904418,True,regular
https://www.shopwss.com/products/vn000eb9y09?variant=41420148375607,$47.99,'197805903596,True,regular
https://www.shopwss.com/products/vn000eb9y09?variant=41420148408375,$47.99,'197805902766,True,regular
https://www.shopwss.com/products/vn000eb9y09?variant=41420148441143,$47.99,'197805903206,True,regular
https://www.shopwss.com/products/vn000eb9y09?variant=41420148473911,$47.99,'197805904906,True,regular
https://www.shopwss.com/products/vn000efby09?variant=41420148506679,$42.99,'197805903800,True,regular
https://www.shopwss.com/products/vn000efby09?variant=41420148539447,$42.99,'197805905057,True,regular
https://www.shopwss.com/products/vn000efby09?variant=41420148572215,$42.99,'197805904593,True,regular
https://www.shopwss.com/products/vn000efby09?variant=41420148604983,$42.99,'197805904197,True,regular
https://www.shopwss.com/products/vn000efby09?variant=41420148637751,$42.99,'197805905484,True,regular
https://www.shopwss.com/products/vn000efby09?variant=41420148670519,$42.99,'197805905903,True,regular
https://www.shopwss.com/products/vn000efby09?variant=41420148703287,$42.99,'197805906153,True,regular
https://www.shopwss.com/products/lla7314853-red?variant=41401839026231,$45.00,'198530932509,True,regular
https://www.shopwss.com/products/vn000egcy09?variant=41420148047927,$57.99,'197805906351,True,regular
https://www.shopwss.com/products/vn000egcy09?variant=41420148080695,$57.99,'197805906238,True,regular
https://www.shopwss.com/products/vn000egcy09?variant=41420148113463,$57.99,'197805906245,True,regular
https://www.shopwss.com/products/vn000egcy09?variant=41420148146231,$57.99,'197805906221,True,regular
https://www.shopwss.com/products/vn000egcy09?variant=41420148178999,$57.99,'197805906290,True,regular
https://www.shopwss.com/products/vn000egcy09?variant=41420148211767,$57.99,'197805906320,True,regular
https://www.shopwss.com/products/vn000egcy09?variant=41420148244535,$57.99,'197805906269,True,regular
https://www.shopwss.com/products/vn000egcy09?variant=41420148277303,$57.99,'197805906276,True,regular
https://www.shopwss.com/products/hf3255_201?variant=41414777045047,$104.99,'198481990573,True,regular
https://www.shopwss.com/products/hf3255_201?variant=41414777077815,$104.99,'198482110338,True,regular
https://www.shopwss.com/products/hf3255_201?variant=41414777110583,$104.99,'198482126001,True,regular
https://www.shopwss.com/products/hf3255_201?variant=41414777143351,$104.99,'198482086923,True,regular
https://www.shopwss.com/products/hf3255_201?variant=41414777176119,$104.99,'198481990443,True,regular
https://www.shopwss.com/products/hf3255_201?variant=41414777208887,$104.99,'198482121631,True,regular
https://www.shopwss.com/products/hf3255_201?variant=41414777241655,$104.99,'198482100513,True,regular
https://www.shopwss.com/products/hf3255_201?variant=41414777274423,$104.99,'198482116309,True,regular
https://www.shopwss.com/products/hf3255_201?variant=41414777307191,$104.99,'198482095222,True,regular
https://www.shopwss.com/products/hf3255_201?variant=41414777339959,$104.99,'198482146627,True,regular
https://www.shopwss.com/products/hf3255_201?variant=41414777372727,$104.99,'198481965489,True,regular
https://www.shopwss.com/products/hf3255_201?variant=41414777405495,$104.99,'198481989379,True,regular
https://www.shopwss.com/products/hf3255_201?variant=41414777438263,$104.99,'198481962112,False,regular
https://www.shopwss.com/products/hf3255_201?variant=41414777471031,$104.99,'198482110871,False,regular
https://www.shopwss.com/products/bps7515984-org?variant=41401839058999,$45.00,'198530932516,True,regular
https://www.shopwss.com/products/ji0145?variant=41176888705079,$99.99,'197611201237,True,regular
https://www.shopwss.com/products/ji0145?variant=41176888737847,$99.99,'197611201268,True,regular
https://www.shopwss.com/products/ji0145?variant=41176888770615,$99.99,'197611202142,True,regular
https://www.shopwss.com/products/ji0145?variant=41176888803383,$99.99,'197611201299,True,regular
https://www.shopwss.com/products/ji0145?variant=41176888836151,$99.99,'197611201220,True,regular
https://www.shopwss.com/products/ji0145?variant=41176888868919,$99.99,'197611202128,True,regular
https://www.shopwss.com/products/ji0145?variant=41176888901687,$99.99,'197611201329,True,regular
https://www.shopwss.com/products/ji0145?variant=41176888934455,$99.99,'197611201312,False,regular
https://www.shopwss.com/products/ji0145?variant=41176888967223,$99.99,'197611201244,False,regular
https://www.shopwss.com/products/ji0145?variant=41176888999991,$99.99,'197611201350,False,regular
https://www.shopwss.com/products/ji0145?variant=41176889032759,$99.99,'197611202104,False,regular
https://www.shopwss.com/products/ji0145?variant=41176889065527,$99.99,'197611201305,False,regular
https://www.shopwss.com/products/ji0145?variant=41176889098295,$99.99,'197611201343,False,regular
https://www.shopwss.com/products/ji0145?variant=41295828189239,$99.99,'197611202111,True,regular
https://www.shopwss.com/products/ji0145?variant=41295828222007,$99.99,'197611201213,True,regular
https://www.shopwss.com/products/ii6292_100?variant=41415033258039,$89.99,'198486262712,True,regular
https://www.shopwss.com/products/ii6292_100?variant=41415033290807,$89.99,'198486261388,True,regular
https://www.shopwss.com/products/ii6292_100?variant=41415033323575,$89.99,'198486261432,True,regular
https://www.shopwss.com/products/ii6292_100?variant=41415033356343,$89.99,'198486258999,True,regular
https://www.shopwss.com/products/ii6292_100?variant=41415033389111,$89.99,'198486263818,True,regular
https://www.shopwss.com/products/ii6292_100?variant=41415033421879,$89.99,'198486261265,True,regular
https://www.shopwss.com/products/ii6292_100?variant=41415033454647,$89.99,'198486261678,True,regular
https://www.shopwss.com/products/ii6292_100?variant=41415033487415,$89.99,'198486263641,True,regular
https://www.shopwss.com/products/ii6292_100?variant=41415033520183,$89.99,'198486259279,True,regular
https://www.shopwss.com/products/ii6292_100?variant=41415033552951,$89.99,'198486263184,True,regular
https://www.shopwss.com/products/ii6292_100?variant=41415033585719,$89.99,'198486258135,True,regular
https://www.shopwss.com/products/ii6292_100?variant=41415033618487,$89.99,'198486260442,True,regular
https://www.shopwss.com/products/ii6292_100?variant=41415033651255,$89.99,'198486258425,True,regular
https://www.shopwss.com/products/ii6292_100?variant=41415033684023,$89.99,'198486259576,True,regular
https://www.shopwss.com/products/ii6292_100?variant=41415033716791,$89.99,'198486261807,False,regular
https://www.shopwss.com/products/ii6292_100?variant=41415033749559,$89.99,'198486257329,False,regular
https://www.shopwss.com/products/ah8050_602?variant=41416222441527,$169.99,'198480936572,False,regular
https://www.shopwss.com/products/ah8050_602?variant=41416222474295,$169.99,'198480935124,True,regular
https://www.shopwss.com/products/ah8050_602?variant=41416222507063,$169.99,'198480945048,True,regular
https://www.shopwss.com/products/ah8050_602?variant=41416222539831,$169.99,'198480890867,True,regular
https://www.shopwss.com/products/ah8050_602?variant=41416222572599,$169.99,'198480931256,True,regular
https://www.shopwss.com/products/ah8050_602?variant=41416222605367,$169.99,'198480958802,True,regular
https://www.shopwss.com/products/ah8050_602?variant=41416222638135,$169.99,'198480925712,True,regular
https://www.shopwss.com/products/ah8050_602?variant=41416222670903,$169.99,'198480939085,True,regular
https://www.shopwss.com/products/ah8050_602?variant=41416222703671,$169.99,'198480948803,True,regular
https://www.shopwss.com/products/ah8050_602?variant=41416222736439,$169.99,'198480913528,True,regular
https://www.shopwss.com/products/ah8050_602?variant=41416222769207,$169.99,'198480889830,True,regular
https://www.shopwss.com/products/ah8050_602?variant=41416222801975,$169.99,'198480902003,True,regular
https://www.shopwss.com/products/ah8050_602?variant=41416222834743,$169.99,'198480938996,True,regular
https://www.shopwss.com/products/ah8050_602?variant=41416222867511,$169.99,'198480933267,False,regular
https://www.shopwss.com/products/ah8050_602?variant=41416222900279,$169.99,'198480951933,False,regular
https://www.shopwss.com/products/ah8050_602?variant=41416222933047,$169.99,'198480928898,False,regular
https://www.shopwss.com/products/js1694?variant=41372169699383,$69.99,'197621613044,True,regular
https://www.shopwss.com/products/js1694?variant=41372169732151,$69.99,'197621616724,True,regular
https://www.shopwss.com/products/js1694?variant=41372169764919,$69.99,'197621616748,True,regular
https://www.shopwss.com/products/js1694?variant=41372169797687,$69.99,'197621616694,True,regular
https://www.shopwss.com/products/js1694?variant=41372169830455,$69.99,'197621616687,True,regular
https://www.shopwss.com/products/js1694?variant=41372169863223,$69.99,'197621616717,True,regular
https://www.shopwss.com/products/js1694?variant=41372169895991,$69.99,'197621616656,True,regular
https://www.shopwss.com/products/js1694?variant=41372169928759,$69.99,'197621616755,True,regular
https://www.shopwss.com/products/js1694?variant=41372169961527,$69.99,'197621616670,True,regular
https://www.shopwss.com/products/js1694?variant=41372169994295,$69.99,'197621616786,True,regular
https://www.shopwss.com/products/js1694?variant=41372170027063,$69.99,'197621616731,True,regular
https://www.shopwss.com/products/js1694?variant=41372170059831,$69.99,'197621616779,True,regular
https://www.shopwss.com/products/js1694?variant=41372170092599,$69.99,'197621616762,False,regular
https://www.shopwss.com/products/js1694?variant=41372170125367,$69.99,'197621616663,False,regular
https://www.shopwss.com/products/dr9748_081?variant=41414781206583,$69.99,'198482140519,True,regular
https://www.shopwss.com/products/dr9748_081?variant=41414781239351,$69.99,'198482125448,True,regular
https://www.shopwss.com/products/dr9748_081?variant=41414781272119,$69.99,'198482121549,True,regular
https://www.shopwss.com/products/dr9748_081?variant=41414781304887,$69.99,'198482152833,True,regular
https://www.shopwss.com/products/dr9748_081?variant=41414781337655,$69.99,'198482150150,True,regular
https://www.shopwss.com/products/dr9748_081?variant=41414781370423,$69.99,'198482084462,True,regular
https://www.shopwss.com/products/hj4593_411?variant=41287900758071,$105.00,'197861440639,True,regular
https://www.shopwss.com/products/hj4593_411?variant=41287900790839,$105.00,'197861411806,True,regular
https://www.shopwss.com/products/hj4593_411?variant=41287900823607,$105.00,'197861449564,True,regular
https://www.shopwss.com/products/hj4593_411?variant=41287900856375,$105.00,'197861419949,True,regular
https://www.shopwss.com/products/hj4593_411?variant=41287900889143,$105.00,'197861430937,True,regular
https://www.shopwss.com/products/hj4593_411?variant=41287900921911,$105.00,'197861420181,True,regular
https://www.shopwss.com/products/jq0284?variant=41375473238071,$79.99,'197621196936,True,regular
https://www.shopwss.com/products/jq0284?variant=41375473270839,$79.99,'197621196943,True,regular
https://www.shopwss.com/products/jq0284?variant=41375473303607,$79.99,'197621196974,True,regular
https://www.shopwss.com/products/jq0284?variant=41375473336375,$79.99,'197621197001,True,regular
https://www.shopwss.com/products/jq0284?variant=41375473369143,$79.99,'197621196998,True,regular
https://www.shopwss.com/products/jq0284?variant=41375473401911,$79.99,'197621196967,True,regular
https://www.shopwss.com/products/jq0284?variant=41375473434679,$79.99,'197621196981,True,regular
https://www.shopwss.com/products/jq0284?variant=41375473467447,$79.99,'197621196950,True,regular
https://www.shopwss.com/products/jv5918?variant=41334958751799,$150.00,'197626898347,True,regular
https://www.shopwss.com/products/jv5918?variant=41334958784567,$150.00,'197626898439,False,regular
https://www.shopwss.com/products/jv5918?variant=41334958817335,$150.00,'197626898392,True,regular
https://www.shopwss.com/products/jv5918?variant=41334958850103,$150.00,'197626898422,True,regular
https://www.shopwss.com/products/jv5918?variant=41334958882871,$150.00,'197626898415,True,regular
https://www.shopwss.com/products/jv5918?variant=41334958915639,$150.00,'197626898446,True,regular
https://www.shopwss.com/products/jv5918?variant=41334958948407,$150.00,'197626898361,True,regular
https://www.rarebeauty.com/products/true-to-myself-tinted-pressed-finishing-powder?variant=42865991319687,$32.00,'840122909139,False,regular
https://www.rarebeauty.com/products/true-to-myself-tinted-pressed-finishing-powder?variant=42865991352455,$32.00,'840122909146,False,regular
https://www.rarebeauty.com/products/true-to-myself-tinted-pressed-finishing-powder?variant=41524252934279,$32.00,'840122902024,True,regular
https://www.rarebeauty.com/products/true-to-myself-tinted-pressed-finishing-powder?variant=41524252967047,$32.00,'840122902031,True,regular
https://www.rarebeauty.com/products/true-to-myself-tinted-pressed-finishing-powder?variant=41524252999815,$32.00,'840122902048,True,regular
https://www.rarebeauty.com/products/true-to-myself-tinted-pressed-finishing-powder?variant=41524253032583,$32.00,'840122902055,True,regular
https://www.rarebeauty.com/products/true-to-myself-tinted-pressed-finishing-powder?variant=42866380800135,$32.00,'840122902062,True,regular
https://www.rarebeauty.com/products/true-to-myself-tinted-pressed-finishing-powder?variant=41524253098119,$32.00,'840122902079,True,regular
https://www.rarebeauty.com/products/true-to-myself-tinted-pressed-finishing-powder?variant=42866380832903,$32.00,'840122902086,True,regular
https://www.rarebeauty.com/products/true-to-myself-tinted-pressed-finishing-powder?variant=42866380865671,$32.00,'840122902093,True,regular
https://www.rarebeauty.com/products/true-to-myself-tinted-pressed-finishing-powder?variant=42866380898439,$32.00,'840122902109,True,regular
https://www.rarebeauty.com/products/true-to-myself-tinted-pressed-finishing-powder?variant=42866380931207,$32.00,'840122901539,True,regular
https://www.rarebeauty.com/products/true-to-myself-tinted-pressed-finishing-powder?variant=42866380963975,$32.00,'840122901546,True,regular
https://www.rarebeauty.com/products/true-to-myself-tinted-pressed-finishing-powder?variant=42866380996743,$32.00,'840122901553,True,regular
https://www.rarebeauty.com/products/true-to-myself-tinted-pressed-finishing-powder?variant=42866381029511,$32.00,'840122901560,True,regular
https://www.rarebeauty.com/products/true-to-myself-tinted-pressed-finishing-powder?variant=42866381062279,$32.00,'840122901577,True,regular
https://www.rarebeauty.com/products/positive-light-luminizing-lip-gloss?variant=42658914435207,$20.00,'840122908613,False,regular
https://www.rarebeauty.com/products/positive-light-luminizing-lip-gloss?variant=42658914467975,$20.00,'840122908620,False,regular
https://www.rarebeauty.com/products/positive-light-luminizing-lip-gloss?variant=42658914500743,$20.00,'840122908637,False,regular
https://www.rarebeauty.com/products/positive-light-luminizing-lip-gloss?variant=42658914533511,$20.00,'840122908644,False,regular
https://www.rarebeauty.com/products/positive-light-luminizing-lip-gloss?variant=42658914566279,$20.00,'840122908651,False,regular
https://www.rarebeauty.com/products/positive-light-luminizing-lip-gloss?variant=42658914599047,$20.00,'840122908668,False,regular
https://www.rarebeauty.com/products/positive-light-under-eye-brightener-1?variant=40268344361095,$25.00,'840122905469,True,regular
https://www.rarebeauty.com/products/positive-light-under-eye-brightener-1?variant=40268283707527,$25.00,'840122905476,True,regular
https://www.rarebeauty.com/products/positive-light-under-eye-brightener-1?variant=40268283740295,$25.00,'840122905483,True,regular
https://www.rarebeauty.com/products/positive-light-under-eye-brightener-1?variant=40268283773063,$25.00,'840122905490,True,regular
https://www.rarebeauty.com/products/positive-light-under-eye-brightener-1?variant=40268283805831,$25.00,'840122905506,True,regular
https://www.rarebeauty.com/products/positive-light-under-eye-brightener-1?variant=40268283838599,$25.00,'840122905513,False,regular
https://www.rarebeauty.com/products/find-comfort-hydrating-body-lotion-pump?variant=40821383856263,$3.00,'840122906916,True,regular
https://www.shopwss.com/products/52pc0601_blk?variant=47406002503810,$59.99,'196090159442,True,regular
https://www.shopwss.com/products/52pc0601_blk?variant=47406002536578,$59.99,'196090159435,True,regular
https://www.shopwss.com/products/52pc0601_blk?variant=47406002569346,$59.99,'196090159428,True,regular
https://www.shopwss.com/products/52pc0601_blk?variant=47406002602114,$59.99,'196090159411,True,regular
https://www.shopwss.com/products/52pc0601_blk?variant=47406002634882,$59.99,'196090159589,True,regular
https://www.shopwss.com/products/52pc0601_blk?variant=47406002667650,$59.99,'196090159398,True,regular
https://www.shopwss.com/products/52pc0601_blk?variant=47406002700418,$59.99,'196090159381,True,regular
https://www.shopwss.com/products/52pc0601_blk?variant=47406002733186,$59.99,'196090159374,False,regular
https://www.rarebeauty.com/products/soft-pinch-tinted-lip-oil-deluxe-sample-delight?variant=40408565088391,$0.00,'840122905933,True,regular
https://www.rarebeauty.com/products/find-comfort-mini-lotion-fragrance-set?variant=41780458553479,$21.00,'840122906657,True,regular
https://www.rarebeauty.com/products/soft-pinch-liquid-blush-mini?variant=42673039442055,$15.00,'840122908491,True,regular
https://www.rarebeauty.com/products/soft-pinch-liquid-blush-mini?variant=42673039409287,$15.00,'840122907876,True,regular
https://www.rarebeauty.com/products/soft-pinch-liquid-blush-mini?variant=42673039474823,$15.00,'840122908682,True,regular
https://www.rarebeauty.com/products/soft-pinch-liquid-blush-mini?variant=40569308545159,$15.00,'840122906503,True,regular
https://www.rarebeauty.com/products/soft-pinch-liquid-blush-mini?variant=42673039507591,$15.00,'840122908880,True,regular
https://www.rarebeauty.com/products/soft-pinch-liquid-blush-mini?variant=42721151385735,$15.00,'840122901621,True,regular
https://www.rarebeauty.com/products/soft-pinch-liquid-blush-mini?variant=40970263101575,$15.00,'840122901638,True,regular
https://www.rarebeauty.com/products/soft-pinch-liquid-blush-mini?variant=40970263134343,$15.00,'840122901645,False,regular
https://www.rarebeauty.com/products/soft-pinch-liquid-blush-mini?variant=42721151451271,$15.00,'840122901652,False,regular
https://www.rarebeauty.com/products/soft-pinch-liquid-blush-mini?variant=40970263199879,$15.00,'840122901669,False,regular
https://www.rarebeauty.com/products/soft-pinch-liquid-blush-mini?variant=42721151516807,$15.00,'840122901867,False,regular
https://www.rarebeauty.com/products/perfect-strokes-universal-volumizing-mascara?variant=39500045451399,$22.00,'840122903212,True,regular
https://www.rarebeauty.com/products/find-comfort-bouncy-body-cream?variant=42003327156359,$36.00,'840122906800,True,regular
https://www.rarebeauty.com/products/find-comfort-claw-clip-awaken-confidence?variant=42046334238855,$10.00,'840122908606,True,regular
https://www.rarebeauty.com/products/soft-pinch-tinted-lip-oil-mini?variant=42658913091719,$14.00,'840122908446,True,regular
https://www.rarebeauty.com/products/soft-pinch-tinted-lip-oil-mini?variant=42658913058951,$14.00,'840122908439,True,regular
https://www.rarebeauty.com/products/soft-pinch-tinted-lip-oil-mini?variant=42658913124487,$14.00,'840122908453,True,regular
https://www.rarebeauty.com/products/soft-pinch-tinted-lip-oil-mini?variant=42658913157255,$14.00,'840122908460,True,regular
https://www.rarebeauty.com/products/soft-pinch-tinted-lip-oil-mini?variant=42658913190023,$14.00,'840122908477,True,regular
https://www.rarebeauty.com/products/awaken-confidence-scented-candle?variant=42046334271623,$35.00,'840122908910,True,regular
https://www.rarebeauty.com/products/puffy-carryall-tote?variant=42297404588167,$55.00,'840122908743,True,regular
https://www.rarebeauty.com/products/soft-pinch-mini-cheek-lip-set?variant=42181697405063,$26.00,'840122906831,True,regular
https://www.shopwss.com/products/95d956_r78?variant=47405797703810,$49.99,'197717536080,True,regular
https://www.shopwss.com/products/95d956_r78?variant=47405797736578,$49.99,'197717536097,True,regular
https://www.shopwss.com/products/95d956_r78?variant=47405797769346,$49.99,'197717536103,True,regular
https://www.shopwss.com/products/95d956_r78?variant=47405797802114,$49.99,'197717536110,True,regular
https://www.rarebeauty.com/products/find-comfort-hydrating-body-lotion-mini?variant=42263642833031,$17.00,'840122907043,True,regular
https://www.shopwss.com/products/aa50247wcq?variant=41190460227639,$29.99,'198179442674,True,regular
https://www.shopwss.com/products/aa50247wcq?variant=41190460260407,$29.99,'198179442650,True,regular
https://www.shopwss.com/products/aa50247wcq?variant=41190460293175,$29.99,'198179442667,True,regular
https://www.shopwss.com/products/aa50247wcq?variant=41190460325943,$29.99,'198179442681,True,regular
https://www.shopwss.com/products/aa50247wcq?variant=41190460358711,$29.99,'198179442698,True,regular
https://www.shopwss.com/products/aa50247wcq?variant=41190460391479,$29.99,'198179442704,True,regular
https://www.shopwss.com/products/aa50247wcq?variant=41190460424247,$29.99,'198179442711,True,regular
https://www.shopwss.com/products/aa50247wcq?variant=41190460457015,$29.99,'198179442728,True,regular
https://www.shopwss.com/products/aa50247wcq?variant=41190460489783,$29.99,'198179442643,True,regular
https://www.rarebeauty.com/products/find-comfort-gentle-exfoliating-body-wash-mini?variant=42263642865799,$12.00,'840122907104,True,regular
https://www.rarebeauty.com/products/soft-touch-powder-puff?variant=41461987606663,$15.00,'840122906695,True,regular
https://www.rarebeauty.com/products/find-comfort-body-hair-fragrance-mist-awaken-confidence?variant=42003327090823,$28.00,'840122907081,True,regular
https://www.rarebeauty.com/products/selena-s-essential-eye-duo?variant=41780458520711,$28.00,'840122906664,True,regular
https://www.rarebeauty.com/products/find-comfort-stop-soothe-aromatherapy-pen?variant=40615815774343,$20.00,'840122906459,True,regular
https://www.rarebeauty.com/products/find-comfort-body-hair-fragrance-mist-mini?variant=42263642800263,$16.00,'840122907050,True,regular
https://www.rarebeauty.com/products/find-comfort-gentle-exfoliating-body-wash?variant=41327391932551,$24.00,'840122901805,True,regular
https://www.yourskincaresource.com/products/alastin-ha-hyaluronic-acid-immerse-serum™-no-box?variant=50091541397818,$118.00,'851144006928,True,regular
https://www.yourskincaresource.com/products/alastin-gentle-cleanser-no-box?variant=50091521245498,$0.00,'851144006294,True,regular
https://www.rarebeauty.com/products/find-comfort-body-hair-fragrance-mist?variant=40615815741575,$28.00,'840122906442,True,regular
https://www.yourskincaresource.com/products/gift-alastin-regenerating-skin-nectar-with-trihex-technology®?variant=50091585732922,$236.00,'851144006003,True,regular
https://www.rarebeauty.com/products/find-comfort-hydrating-hand-cream?variant=40615815708807,$18.00,'840122906435,True,regular
https://www.rarebeauty.com/products/puffy-carryall-tote-awaken-confidence?variant=42013017473159,$55.00,'840122908736,True,regular
https://www.rarebeauty.com/products/find-comfort-under-eye-patches?variant=40845750435975,$25.00,'840122905742,True,regular
https://www.yourskincaresource.com/products/hydrinity-encore-body-hydrator?variant=50892897485114,$90.00,'850046513251,True,regular
https://www.yourskincaresource.com/products/hydrinity-encore-body-hydrator?variant=50892897517882,$30.00,'850046513251,True,regular
https://www.yourskincaresource.com/products/co2lift-v-at-home-carboxy-vaginal-treatment-3-count?variant=51076012605754,$330.00,'860008334404,True,regular
https://www.yourskincaresource.com/products/gift-alastin-defend-and-protect?variant=50971402469690,$30.00,'810105153323,True,regular
https://www.yourskincaresource.com/products/co2lift-pro-carboxy-gel-treatment-1-count?variant=51075699671354,$100.00,'860008334435,True,regular
https://www.rarebeauty.com/products/find-comfort-travel-organizer?variant=42570561716359,$30.00,'840122909153,True,regular
https://www.rarebeauty.com/products/liquid-touch-brightening-concealer?variant=40242002788487,$24.00,'840122900921,True,regular
https://www.rarebeauty.com/products/liquid-touch-brightening-concealer?variant=40242002755719,$24.00,'840122900938,True,regular
https://www.rarebeauty.com/products/liquid-touch-brightening-concealer?variant=40242002722951,$24.00,'840122900945,True,regular
https://www.rarebeauty.com/products/liquid-touch-brightening-concealer?variant=40242002821255,$24.00,'840122900952,True,regular
https://www.rarebeauty.com/products/liquid-touch-brightening-concealer?variant=40242002690183,$24.00,'840122900969,True,regular
https://www.rarebeauty.com/products/liquid-touch-brightening-concealer?variant=40242002854023,$24.00,'840122900976,True,regular
https://www.rarebeauty.com/products/liquid-touch-brightening-concealer?variant=40242003148935,$24.00,'840122900983,True,regular
https://www.rarebeauty.com/products/liquid-touch-brightening-concealer?variant=40242002886791,$24.00,'840122900990,True,regular
https://www.rarebeauty.com/products/liquid-touch-brightening-concealer?variant=40242003181703,$24.00,'840122901003,True,regular
https://www.rarebeauty.com/products/liquid-touch-brightening-concealer?variant=40242002919559,$24.00,'840122901010,True,regular
https://www.rarebeauty.com/products/liquid-touch-brightening-concealer?variant=40242002657415,$24.00,'840122901027,True,regular
https://www.rarebeauty.com/products/liquid-touch-brightening-concealer?variant=40242002952327,$24.00,'840122901034,True,regular
https://www.rarebeauty.com/products/liquid-touch-brightening-concealer?variant=40242002624647,$24.00,'840122901041,True,regular
https://www.rarebeauty.com/products/liquid-touch-brightening-concealer?variant=40242002985095,$24.00,'840122901058,True,regular
https://www.rarebeauty.com/products/liquid-touch-brightening-concealer?variant=34493777707143,$24.00,'840122901065,True,regular
https://www.rarebeauty.com/products/liquid-touch-brightening-concealer?variant=40242002591879,$24.00,'840122901072,True,regular
https://www.rarebeauty.com/products/liquid-touch-brightening-concealer?variant=40242002559111,$24.00,'840122901089,True,regular
https://www.rarebeauty.com/products/liquid-touch-brightening-concealer?variant=40242002526343,$24.00,'840122901096,True,regular
https://www.rarebeauty.com/products/liquid-touch-brightening-concealer?variant=40242003017863,$24.00,'840122901102,True,regular
https://www.rarebeauty.com/products/liquid-touch-brightening-concealer?variant=40731432550535,$24.00,'840122901119,True,regular
https://www.rarebeauty.com/products/liquid-touch-brightening-concealer?variant=40242002493575,$24.00,'840122901126,True,regular
https://www.rarebeauty.com/products/liquid-touch-brightening-concealer?variant=40242003116167,$24.00,'840122901133,True,regular
https://www.rarebeauty.com/products/liquid-touch-brightening-concealer?variant=40242002460807,$24.00,'840122901140,True,regular
https://www.rarebeauty.com/products/liquid-touch-brightening-concealer?variant=40242002428039,$24.00,'840122901157,True,regular
https://www.rarebeauty.com/products/liquid-touch-brightening-concealer?variant=40242003050631,$24.00,'840122901164,True,regular
https://www.rarebeauty.com/products/liquid-touch-brightening-concealer?variant=40242002395271,$24.00,'840122901171,True,regular
https://www.rarebeauty.com/products/liquid-touch-brightening-concealer?variant=40242002362503,$24.00,'840122901188,True,regular
https://www.rarebeauty.com/products/liquid-touch-brightening-concealer?variant=40242002329735,$24.00,'840122901195,True,regular
https://www.rarebeauty.com/products/liquid-touch-brightening-concealer?variant=40242002296967,$24.00,'840122901201,False,regular
https://www.rarebeauty.com/products/liquid-touch-brightening-concealer?variant=40242002264199,$24.00,'840122901218,True,regular
https://www.rarebeauty.com/products/liquid-touch-brightening-concealer?variant=40242002231431,$24.00,'840122901225,True,regular
https://www.rarebeauty.com/products/liquid-touch-brightening-concealer?variant=40242002198663,$24.00,'840122901232,False,regular
https://www.rarebeauty.com/products/liquid-touch-brightening-concealer?variant=40242002165895,$24.00,'840122901249,True,regular
https://www.rarebeauty.com/products/liquid-touch-brightening-concealer?variant=40242002133127,$24.00,'840122901256,True,regular
https://www.rarebeauty.com/products/liquid-touch-brightening-concealer?variant=40242002100359,$24.00,'840122901263,False,regular
https://www.rarebeauty.com/products/liquid-touch-brightening-concealer?variant=40242002067591,$24.00,'840122901270,True,regular
https://www.rarebeauty.com/products/liquid-touch-brightening-concealer?variant=40242002034823,$24.00,'840122901287,True,regular
https://www.rarebeauty.com/products/liquid-touch-brightening-concealer?variant=40242002002055,$24.00,'840122901294,False,regular
https://www.rarebeauty.com/products/liquid-touch-brightening-concealer?variant=40242001969287,$24.00,'840122901300,False,regular
https://www.rarebeauty.com/products/liquid-touch-brightening-concealer?variant=40242001936519,$24.00,'840122901317,True,regular
https://www.rarebeauty.com/products/liquid-touch-brightening-concealer?variant=40242001903751,$24.00,'840122901324,True,regular
https://www.rarebeauty.com/products/liquid-touch-brightening-concealer?variant=40242001870983,$24.00,'840122901331,True,regular
https://www.rarebeauty.com/products/liquid-touch-brightening-concealer?variant=40242001838215,$24.00,'840122901348,False,regular
https://www.rarebeauty.com/products/liquid-touch-brightening-concealer?variant=40242001805447,$24.00,'840122901355,False,regular
https://www.rarebeauty.com/products/liquid-touch-brightening-concealer?variant=40242001772679,$24.00,'840122901362,False,regular
https://www.rarebeauty.com/products/liquid-touch-brightening-concealer?variant=40242001739911,$24.00,'840122901379,False,regular
https://www.rarebeauty.com/products/liquid-touch-brightening-concealer?variant=40242001707143,$24.00,'840122901386,False,regular
https://www.rarebeauty.com/products/liquid-touch-brightening-concealer?variant=40242001674375,$24.00,'840122901393,True,regular
https://www.yourskincaresource.com/products/co2lift-carboxy-gel-treatment-3-count?variant=51051854397754,$270.00,'860008334442,True,regular
https://www.shopwss.com/products/jj1931?variant=41334788915255,$100.00,'197626871449,True,regular
https://www.shopwss.com/products/jj1931?variant=41334788948023,$100.00,'197626871517,True,regular
https://www.shopwss.com/products/jj1931?variant=41334788980791,$100.00,'197626871470,True,regular
https://www.shopwss.com/products/jj1931?variant=41334789013559,$100.00,'197626871456,True,regular
https://www.shopwss.com/products/jj1931?variant=41334789079095,$100.00,'197626871463,False,regular
https://www.shopwss.com/products/jj1931?variant=41334789111863,$100.00,'197626871500,True,regular
https://www.shopwss.com/products/jj1931?variant=41334789144631,$100.00,'197626867831,False,regular
