Variant URL,Price,Barcode,Available
https://www.rarebeauty.com/products/find-comfort-bouncy-body-cream?variant=42003327156359,$36.00,'840122906800,True
https://www.rarebeauty.com/products/find-comfort-travel-organizer?variant=42570561716359,$30.00,'840122909153,True
https://www.rarebeauty.com/products/puffy-carryall-tote-awaken-confidence?variant=42013017473159,$55.00,'840122908736,True
https://www.rarebeauty.com/products/positive-light-luminizing-lip-gloss?variant=42658914435207,$20.00,'840122908613,False
https://www.rarebeauty.com/products/positive-light-luminizing-lip-gloss?variant=42658914467975,$20.00,'840122908620,False
https://www.rarebeauty.com/products/positive-light-luminizing-lip-gloss?variant=42658914500743,$20.00,'840122908637,False
https://www.rarebeauty.com/products/positive-light-luminizing-lip-gloss?variant=42658914533511,$20.00,'840122908644,False
https://www.rarebeauty.com/products/positive-light-luminizing-lip-gloss?variant=42658914566279,$20.00,'840122908651,False
https://www.rarebeauty.com/products/positive-light-luminizing-lip-gloss?variant=42658914599047,$20.00,'840122908668,False
https://www.rarebeauty.com/products/find-comfort-gentle-exfoliating-body-wash-mini?variant=42263642865799,$12.00,'840122907104,True
https://www.rarebeauty.com/products/true-to-myself-tinted-pressed-finishing-powder?variant=42865991319687,$32.00,'840122909139,False
https://www.rarebeauty.com/products/true-to-myself-tinted-pressed-finishing-powder?variant=42865991352455,$32.00,'840122909146,False
https://www.rarebeauty.com/products/true-to-myself-tinted-pressed-finishing-powder?variant=41524252934279,$32.00,'840122902024,True
https://www.rarebeauty.com/products/true-to-myself-tinted-pressed-finishing-powder?variant=41524252967047,$32.00,'840122902031,True
https://www.rarebeauty.com/products/true-to-myself-tinted-pressed-finishing-powder?variant=41524252999815,$32.00,'840122902048,True
https://www.rarebeauty.com/products/true-to-myself-tinted-pressed-finishing-powder?variant=41524253032583,$32.00,'840122902055,True
https://www.rarebeauty.com/products/true-to-myself-tinted-pressed-finishing-powder?variant=42866380800135,$32.00,'840122902062,True
https://www.rarebeauty.com/products/true-to-myself-tinted-pressed-finishing-powder?variant=41524253098119,$32.00,'840122902079,True
https://www.rarebeauty.com/products/true-to-myself-tinted-pressed-finishing-powder?variant=42866380832903,$32.00,'840122902086,True
https://www.rarebeauty.com/products/true-to-myself-tinted-pressed-finishing-powder?variant=42866380865671,$32.00,'840122902093,True
https://www.rarebeauty.com/products/true-to-myself-tinted-pressed-finishing-powder?variant=42866380898439,$32.00,'840122902109,True
https://www.rarebeauty.com/products/true-to-myself-tinted-pressed-finishing-powder?variant=42866380931207,$32.00,'840122901539,True
https://www.rarebeauty.com/products/true-to-myself-tinted-pressed-finishing-powder?variant=42866380963975,$32.00,'840122901546,True
https://www.rarebeauty.com/products/true-to-myself-tinted-pressed-finishing-powder?variant=42866380996743,$32.00,'840122901553,True
https://www.rarebeauty.com/products/true-to-myself-tinted-pressed-finishing-powder?variant=42866381029511,$32.00,'840122901560,True
https://www.rarebeauty.com/products/true-to-myself-tinted-pressed-finishing-powder?variant=42866381062279,$32.00,'840122901577,True
https://www.rarebeauty.com/products/awaken-confidence-scented-candle?variant=42046334271623,$35.00,'840122908910,True
https://www.rarebeauty.com/products/puffy-carryall-tote?variant=42297404588167,$55.00,'840122908743,True
https://www.rarebeauty.com/products/perfect-strokes-universal-volumizing-mascara?variant=39500045451399,$22.00,'840122903212,True
https://www.rarebeauty.com/products/find-comfort-mini-lotion-fragrance-set?variant=41780458553479,$21.00,'840122906657,True
https://www.rarebeauty.com/products/find-comfort-hydrating-body-lotion-pump?variant=40821383856263,$3.00,'840122906916,True
https://www.rarebeauty.com/products/find-comfort-hydrating-body-lotion-mini?variant=42263642833031,$17.00,'840122907043,True
https://www.rarebeauty.com/products/liquid-touch-brightening-concealer?variant=40242002788487,$24.00,'840122900921,True
https://www.rarebeauty.com/products/liquid-touch-brightening-concealer?variant=40242002755719,$24.00,'840122900938,True
https://www.rarebeauty.com/products/liquid-touch-brightening-concealer?variant=40242002722951,$24.00,'840122900945,True
https://www.rarebeauty.com/products/liquid-touch-brightening-concealer?variant=40242002821255,$24.00,'840122900952,True
https://www.rarebeauty.com/products/liquid-touch-brightening-concealer?variant=40242002690183,$24.00,'840122900969,True
https://www.rarebeauty.com/products/liquid-touch-brightening-concealer?variant=40242002854023,$24.00,'840122900976,True
https://www.rarebeauty.com/products/liquid-touch-brightening-concealer?variant=40242003148935,$24.00,'840122900983,True
https://www.rarebeauty.com/products/liquid-touch-brightening-concealer?variant=40242002886791,$24.00,'840122900990,True
https://www.rarebeauty.com/products/liquid-touch-brightening-concealer?variant=40242003181703,$24.00,'840122901003,True
https://www.rarebeauty.com/products/liquid-touch-brightening-concealer?variant=40242002919559,$24.00,'840122901010,True
https://www.rarebeauty.com/products/liquid-touch-brightening-concealer?variant=40242002657415,$24.00,'840122901027,True
https://www.rarebeauty.com/products/liquid-touch-brightening-concealer?variant=40242002952327,$24.00,'840122901034,True
https://www.rarebeauty.com/products/liquid-touch-brightening-concealer?variant=40242002624647,$24.00,'840122901041,True
https://www.rarebeauty.com/products/liquid-touch-brightening-concealer?variant=40242002985095,$24.00,'840122901058,True
https://www.rarebeauty.com/products/liquid-touch-brightening-concealer?variant=34493777707143,$24.00,'840122901065,True
https://www.rarebeauty.com/products/liquid-touch-brightening-concealer?variant=40242002591879,$24.00,'840122901072,True
https://www.rarebeauty.com/products/liquid-touch-brightening-concealer?variant=40242002559111,$24.00,'840122901089,True
https://www.rarebeauty.com/products/liquid-touch-brightening-concealer?variant=40242002526343,$24.00,'840122901096,True
https://www.rarebeauty.com/products/liquid-touch-brightening-concealer?variant=40242003017863,$24.00,'840122901102,True
https://www.rarebeauty.com/products/liquid-touch-brightening-concealer?variant=40731432550535,$24.00,'840122901119,True
https://www.rarebeauty.com/products/liquid-touch-brightening-concealer?variant=40242002493575,$24.00,'840122901126,True
https://www.rarebeauty.com/products/liquid-touch-brightening-concealer?variant=40242003116167,$24.00,'840122901133,True
https://www.rarebeauty.com/products/liquid-touch-brightening-concealer?variant=40242002460807,$24.00,'840122901140,True
https://www.rarebeauty.com/products/liquid-touch-brightening-concealer?variant=40242002428039,$24.00,'840122901157,True
https://www.rarebeauty.com/products/liquid-touch-brightening-concealer?variant=40242003050631,$24.00,'840122901164,True
https://www.rarebeauty.com/products/liquid-touch-brightening-concealer?variant=40242002395271,$24.00,'840122901171,True
https://www.rarebeauty.com/products/liquid-touch-brightening-concealer?variant=40242002362503,$24.00,'840122901188,True
https://www.rarebeauty.com/products/liquid-touch-brightening-concealer?variant=40242002329735,$24.00,'840122901195,True
https://www.rarebeauty.com/products/liquid-touch-brightening-concealer?variant=40242002296967,$24.00,'840122901201,False
https://www.rarebeauty.com/products/liquid-touch-brightening-concealer?variant=40242002264199,$24.00,'840122901218,True
https://www.rarebeauty.com/products/liquid-touch-brightening-concealer?variant=40242002231431,$24.00,'840122901225,True
https://www.rarebeauty.com/products/liquid-touch-brightening-concealer?variant=40242002198663,$24.00,'840122901232,False
https://www.rarebeauty.com/products/liquid-touch-brightening-concealer?variant=40242002165895,$24.00,'840122901249,True
https://www.rarebeauty.com/products/liquid-touch-brightening-concealer?variant=40242002133127,$24.00,'840122901256,True
https://www.rarebeauty.com/products/liquid-touch-brightening-concealer?variant=40242002100359,$24.00,'840122901263,False
https://www.rarebeauty.com/products/liquid-touch-brightening-concealer?variant=40242002067591,$24.00,'840122901270,True
https://www.rarebeauty.com/products/liquid-touch-brightening-concealer?variant=40242002034823,$24.00,'840122901287,True
https://www.rarebeauty.com/products/liquid-touch-brightening-concealer?variant=40242002002055,$24.00,'840122901294,False
https://www.rarebeauty.com/products/liquid-touch-brightening-concealer?variant=40242001969287,$24.00,'840122901300,False
https://www.rarebeauty.com/products/liquid-touch-brightening-concealer?variant=40242001936519,$24.00,'840122901317,True
https://www.rarebeauty.com/products/liquid-touch-brightening-concealer?variant=40242001903751,$24.00,'840122901324,True
https://www.rarebeauty.com/products/liquid-touch-brightening-concealer?variant=40242001870983,$24.00,'840122901331,True
https://www.rarebeauty.com/products/liquid-touch-brightening-concealer?variant=40242001838215,$24.00,'840122901348,False
https://www.rarebeauty.com/products/liquid-touch-brightening-concealer?variant=40242001805447,$24.00,'840122901355,False
https://www.rarebeauty.com/products/liquid-touch-brightening-concealer?variant=40242001772679,$24.00,'840122901362,False
https://www.rarebeauty.com/products/liquid-touch-brightening-concealer?variant=40242001739911,$24.00,'840122901379,False
https://www.rarebeauty.com/products/liquid-touch-brightening-concealer?variant=40242001707143,$24.00,'840122901386,False
https://www.rarebeauty.com/products/liquid-touch-brightening-concealer?variant=40242001674375,$24.00,'840122901393,True
https://www.rarebeauty.com/products/soft-pinch-tinted-lip-oil-mini?variant=42658913091719,$14.00,'840122908446,True
https://www.rarebeauty.com/products/soft-pinch-tinted-lip-oil-mini?variant=42658913058951,$14.00,'840122908439,True
https://www.rarebeauty.com/products/soft-pinch-tinted-lip-oil-mini?variant=42658913124487,$14.00,'840122908453,True
https://www.rarebeauty.com/products/soft-pinch-tinted-lip-oil-mini?variant=42658913157255,$14.00,'840122908460,True
https://www.rarebeauty.com/products/soft-pinch-tinted-lip-oil-mini?variant=42658913190023,$14.00,'840122908477,True
https://www.rarebeauty.com/products/find-comfort-body-hair-fragrance-mist-awaken-confidence?variant=42003327090823,$28.00,'840122907081,True
https://www.rarebeauty.com/products/find-comfort-under-eye-patches?variant=40845750435975,$25.00,'840122905742,True
https://www.rarebeauty.com/products/find-comfort-stop-soothe-aromatherapy-pen?variant=40615815774343,$20.00,'840122906459,True
https://www.rarebeauty.com/products/find-comfort-hydrating-body-lotion?variant=40615815676039,$28.00,'840122906428,True
https://www.rarebeauty.com/products/selena-s-essential-eye-duo?variant=41780458520711,$28.00,'840122906664,True
https://www.rarebeauty.com/products/soft-pinch-mini-cheek-lip-set?variant=42181697405063,$26.00,'840122906831,True
https://www.rarebeauty.com/products/find-comfort-gentle-exfoliating-body-wash?variant=41327391932551,$24.00,'840122901805,True
https://www.rarebeauty.com/products/soft-touch-powder-puff?variant=41461987606663,$15.00,'840122906695,True
https://www.rarebeauty.com/products/always-an-optimist-4-in-1-mist-mini?variant=39918124630151,$15.00,'840122905162,True
https://www.rarebeauty.com/products/positive-light-under-eye-brightener-1?variant=40268344361095,$25.00,'840122905469,True
https://www.rarebeauty.com/products/positive-light-under-eye-brightener-1?variant=40268283707527,$25.00,'840122905476,True
https://www.rarebeauty.com/products/positive-light-under-eye-brightener-1?variant=40268283740295,$25.00,'840122905483,True
https://www.rarebeauty.com/products/positive-light-under-eye-brightener-1?variant=40268283773063,$25.00,'840122905490,True
https://www.rarebeauty.com/products/positive-light-under-eye-brightener-1?variant=40268283805831,$25.00,'840122905506,True
https://www.rarebeauty.com/products/positive-light-under-eye-brightener-1?variant=40268283838599,$25.00,'840122905513,False
https://www.rarebeauty.com/products/positive-light-precision-highlighter-brush?variant=40253134995591,$18.00,'840122905452,True
https://www.rarebeauty.com/products/find-comfort-body-hair-fragrance-mist?variant=40615815741575,$28.00,'840122906442,True
https://www.rarebeauty.com/products/rare-beauty-discovery-eyeshadow-palette-give-yourself-grace?variant=39893479620743,$29.00,'840122905759,False
https://www.rarebeauty.com/products/soft-pinch-liquid-blush-duo?variant=42216735342727,$40.00,'840122908873,False
https://www.rarebeauty.com/products/soft-pooch-blush-dog-toy-faith?variant=41780458619015,$18.00,'840122908514,True
https://www.rarebeauty.com/products/brow-harmony-flexible-lifting-gel?variant=40514681602183,$19.00,'840122906640,True
https://www.rarebeauty.com/products/always-an-optimist-powder-brush?variant=39615662293127,$28.00,'840122903540,True
https://www.rarebeauty.com/products/soft-pinch-blush-brush?variant=39615662358663,$25.00,'840122904950,True
https://www.rarebeauty.com/products/always-an-optimist-pore-diffusing-primer?variant=39265890697351,$28.00,'840122902550,True
https://www.rarebeauty.com/products/stay-vulnerable-all-over-eyeshadow-brush?variant=34772019413127,$15.00,'840122902468,True
https://www.rarebeauty.com/products/always-an-optimist-illuminating-primer?variant=34548047020167,$15.00,'840122901492,True
https://www.rarebeauty.com/products/soft-pinch-tinted-lip-oil-deluxe-sample-delight?variant=40408565088391,$0.00,'840122905933,True
https://www.rarebeauty.com/products/always-an-optimist-pore-diffusing-primer-mini?variant=39265890762887,$15.00,'840122902567,True
https://www.rarebeauty.com/products/find-comfort-hydrating-hand-cream?variant=40615815708807,$18.00,'840122906435,True
https://www.rarebeauty.com/products/perfect-strokes-universal-volumizing-mascara-mini?variant=39500045484167,$12.00,'840122903236,True
https://www.rarebeauty.com/products/always-an-optimist-weightless-eye-primer?variant=39265890795655,$21.00,'840122902581,True
https://www.rarebeauty.com/products/always-an-optimist-illuminating-primer-1?variant=34537860104327,$28.00,'840122901430,True
https://www.rarebeauty.com/products/find-comfort-body-hair-fragrance-mist-mini?variant=42263642800263,$16.00,'840122907050,True
https://www.rarebeauty.com/products/liquid-touch-concealer-brush?variant=34473293086855,$18.00,'840122901423,True
https://www.rarebeauty.com/products/always-an-optimist-4-in-1-mist-translucent?variant=34472529002631,$28.00,'840122901478,True
https://www.rarebeauty.com/products/liquid-touch-foundation-brush?variant=34473293152391,$29.00,'840122901409,True
https://www.rarebeauty.com/products/rare-impact-backpack?variant=40450518417543,$40.00,'840122901676,True
https://www.rarebeauty.com/products/soft-pinch-matte-bouncy-blush?variant=42263642898567,$27.00,'840122907173,True
https://www.rarebeauty.com/products/soft-pinch-matte-bouncy-blush?variant=42263642931335,$27.00,'840122907180,True
https://www.rarebeauty.com/products/soft-pinch-matte-bouncy-blush?variant=42263642964103,$27.00,'840122907197,True
https://www.rarebeauty.com/products/soft-pinch-matte-bouncy-blush?variant=42263643062407,$27.00,'840122908828,True
https://www.rarebeauty.com/products/soft-pinch-matte-bouncy-blush?variant=42263643029639,$27.00,'840122907210,True
https://www.rarebeauty.com/products/soft-pinch-matte-bouncy-blush?variant=42263643095175,$27.00,'840122908835,True
https://www.rarebeauty.com/products/soft-pinch-matte-bouncy-blush?variant=42263642996871,$27.00,'840122907203,True
https://www.rarebeauty.com/products/perfect-strokes-matte-liquid-liner-black?variant=34473328312455,$21.00,'840122901485,True
https://www.rarebeauty.com/products/blot-glow-blotting-paper-refill-100ct?variant=34473206513799,$5.00,'840122901461,True
https://www.rarebeauty.com/products/soft-pinch-liquid-contour?variant=42181696946311,$28.00,'840122907234,True
https://www.rarebeauty.com/products/soft-pinch-liquid-contour?variant=42181696979079,$28.00,'840122907241,True
https://www.rarebeauty.com/products/soft-pinch-liquid-contour?variant=42181697011847,$28.00,'840122907258,True
https://www.rarebeauty.com/products/soft-pinch-liquid-contour?variant=42181697044615,$28.00,'840122907265,True
https://www.rarebeauty.com/products/soft-pinch-liquid-contour?variant=42181697077383,$28.00,'840122907272,True
https://www.rarebeauty.com/products/soft-pinch-liquid-contour?variant=42181697110151,$28.00,'840122907289,True
https://www.rarebeauty.com/products/soft-pinch-liquid-contour?variant=42181697142919,$28.00,'840122908811,True
https://www.rarebeauty.com/products/liquid-touch-multi-tasking-sponge?variant=34473293119623,$7.00,'840122901416,True
https://www.rarebeauty.com/products/mini-puffy-tote-keychain-merlot?variant=41708547145863,$15.00,'840122907722,True
https://www.rarebeauty.com/products/puffy-essentials-pouch?variant=42046334206087,$28.00,'840122908521,True
https://www.rarebeauty.com/products/powder-pouch?variant=40922678329479,$12.00,'840122906909,True
https://www.rarebeauty.com/products/soft-pinch-luminous-powder-blush?variant=40970263232647,$27.00,'840122906572,True
https://www.rarebeauty.com/products/soft-pinch-luminous-powder-blush?variant=40970263265415,$27.00,'840122906589,True
https://www.rarebeauty.com/products/soft-pinch-luminous-powder-blush?variant=40970263298183,$27.00,'840122906596,True
https://www.rarebeauty.com/products/soft-pinch-luminous-powder-blush?variant=40970263330951,$27.00,'840122906602,True
https://www.rarebeauty.com/products/soft-pinch-luminous-powder-blush?variant=40970263363719,$27.00,'840122906619,True
https://www.rarebeauty.com/products/soft-pinch-luminous-powder-blush?variant=40970263396487,$27.00,'840122906626,True
https://www.rarebeauty.com/products/kind-words-matte-lip-liner?variant=39918124105863,$16.00,'840122905179,True
https://www.rarebeauty.com/products/kind-words-matte-lip-liner?variant=39918124138631,$16.00,'840122905186,True
https://www.rarebeauty.com/products/kind-words-matte-lip-liner?variant=39918124171399,$16.00,'840122905193,True
https://www.rarebeauty.com/products/kind-words-matte-lip-liner?variant=39918124204167,$16.00,'840122905209,True
https://www.rarebeauty.com/products/kind-words-matte-lip-liner?variant=39918124236935,$16.00,'840122905216,True
https://www.rarebeauty.com/products/kind-words-matte-lip-liner?variant=39918124269703,$16.00,'840122905223,True
https://www.rarebeauty.com/products/kind-words-matte-lip-liner?variant=39918124302471,$16.00,'840122905230,True
https://www.rarebeauty.com/products/kind-words-matte-lip-liner?variant=39918124335239,$16.00,'840122905247,True
https://www.rarebeauty.com/products/kind-words-matte-lip-liner?variant=39918124368007,$16.00,'840122905254,True
https://www.rarebeauty.com/products/kind-words-matte-lip-liner?variant=39918124400775,$16.00,'840122905261,True
https://www.rarebeauty.com/products/kind-words-matte-lip-liner?variant=41527856889991,$16.00,'840122906473,True
https://www.rarebeauty.com/products/comfy-sweatpant?variant=40562653659271,$40.00,'840122901997,True
https://www.rarebeauty.com/products/comfy-sweatpant?variant=40562653593735,$40.00,'840122901973,True
https://www.rarebeauty.com/products/comfy-sweatpant?variant=40562653560967,$40.00,'840122901966,True
https://www.rarebeauty.com/products/comfy-sweatpant?variant=40562653528199,$40.00,'840122901959,True
https://www.rarebeauty.com/products/comfy-sweatpant?variant=40562653626503,$40.00,'840122901980,True
https://www.rarebeauty.com/products/comfy-sweatpant?variant=40562653495431,$40.00,'840122901942,True
https://www.rarebeauty.com/products/comfy-sweatpant?variant=40562653692039,$40.00,'840122902017,False
https://www.rarebeauty.com/products/comfy-hoodie?variant=40562653429895,$45.00,'840122901935,False
https://www.rarebeauty.com/products/comfy-hoodie?variant=40562653364359,$45.00,'840122901911,False
https://www.rarebeauty.com/products/comfy-hoodie?variant=40562653331591,$45.00,'840122901904,False
https://www.rarebeauty.com/products/comfy-hoodie?variant=40562653298823,$45.00,'840122901898,False
https://www.rarebeauty.com/products/comfy-hoodie?variant=40562653397127,$45.00,'840122901928,False
https://www.rarebeauty.com/products/comfy-hoodie?variant=40562653266055,$45.00,'840122901881,False
https://www.rarebeauty.com/products/comfy-hoodie?variant=40562653462663,$45.00,'840122902000,False
https://www.rarebeauty.com/products/all-of-the-above-weightless-eyeshadow-stick?variant=40491203166343,$22.00,'840122906190,True
https://www.rarebeauty.com/products/all-of-the-above-weightless-eyeshadow-stick?variant=40491203199111,$22.00,'840122906206,True
https://www.rarebeauty.com/products/all-of-the-above-weightless-eyeshadow-stick?variant=40491203231879,$22.00,'840122906213,True
https://www.rarebeauty.com/products/all-of-the-above-weightless-eyeshadow-stick?variant=40491203264647,$22.00,'840122906220,True
https://www.rarebeauty.com/products/all-of-the-above-weightless-eyeshadow-stick?variant=40491203297415,$22.00,'840122906237,True
https://www.rarebeauty.com/products/all-of-the-above-weightless-eyeshadow-stick?variant=40491203330183,$22.00,'840122906244,True
https://www.rarebeauty.com/products/positive-light-liquid-luminizer-mini?variant=40970263429255,$17.00,'840122902703,True
https://www.rarebeauty.com/products/positive-light-liquid-luminizer-mini?variant=41679276408967,$17.00,'840122901874,True
https://www.rarebeauty.com/products/positive-light-liquid-luminizer-mini?variant=40970263462023,$17.00,'840122901690,False
https://www.rarebeauty.com/products/positive-light-liquid-luminizer-mini?variant=40970263494791,$17.00,'840122901683,False
https://www.rarebeauty.com/products/positive-light-liquid-luminizer-mini?variant=40970263527559,$17.00,'840122901614,False
https://www.rarebeauty.com/products/positive-light-silky-touch-highlighter?variant=40253134864519,$27.00,'840122905414,True
https://www.rarebeauty.com/products/positive-light-silky-touch-highlighter?variant=40253134897287,$27.00,'840122905421,True
https://www.rarebeauty.com/products/positive-light-silky-touch-highlighter?variant=40253134930055,$27.00,'840122905438,True
https://www.rarebeauty.com/products/positive-light-silky-touch-highlighter?variant=40253134962823,$27.00,'840122905445,True
https://www.rarebeauty.com/products/positive-light-silky-touch-highlighter?variant=40922672889991,$27.00,'840122906534,True
https://www.rarebeauty.com/products/positive-light-silky-touch-highlighter?variant=40922672922759,$27.00,'840122906541,True
https://www.rarebeauty.com/products/kind-words-matte-lipstick?variant=39916430688391,$20.00,'840122905025,False
https://www.rarebeauty.com/products/kind-words-matte-lipstick?variant=39918802829447,$20.00,'840122905032,False
https://www.rarebeauty.com/products/kind-words-matte-lipstick?variant=39918802862215,$20.00,'840122905049,False
https://www.rarebeauty.com/products/kind-words-matte-lipstick?variant=39918802894983,$20.00,'840122905056,False
https://www.rarebeauty.com/products/kind-words-matte-lipstick?variant=39918802927751,$20.00,'840122905063,False
https://www.rarebeauty.com/products/kind-words-matte-lipstick?variant=39918802960519,$20.00,'840122905070,False
https://www.rarebeauty.com/products/kind-words-matte-lipstick?variant=39918802993287,$20.00,'840122905087,False
https://www.rarebeauty.com/products/kind-words-matte-lipstick?variant=39918803026055,$20.00,'840122905094,False
https://www.rarebeauty.com/products/kind-words-matte-lipstick?variant=39918803058823,$20.00,'840122905100,False
https://www.rarebeauty.com/products/kind-words-matte-lipstick?variant=39918803091591,$20.00,'840122905117,False
https://www.rarebeauty.com/products/kind-words-matte-lipstick?variant=41532429729927,$20.00,'840122906343,False
https://www.rarebeauty.com/products/soft-pinch-tinted-lip-oil?variant=40386673180807,$22.00,'840122905766,True
https://www.rarebeauty.com/products/soft-pinch-tinted-lip-oil?variant=40386673213575,$22.00,'840122905773,True
https://www.rarebeauty.com/products/soft-pinch-tinted-lip-oil?variant=40386673246343,$22.00,'840122905780,True
https://www.rarebeauty.com/products/soft-pinch-tinted-lip-oil?variant=40386673279111,$22.00,'840122905797,True
https://www.rarebeauty.com/products/soft-pinch-tinted-lip-oil?variant=40386673311879,$22.00,'840122905803,True
https://www.rarebeauty.com/products/soft-pinch-tinted-lip-oil?variant=40386673344647,$22.00,'840122905810,True
https://www.rarebeauty.com/products/soft-pinch-tinted-lip-oil?variant=40386673377415,$22.00,'840122905827,True
https://www.rarebeauty.com/products/soft-pinch-tinted-lip-oil?variant=40386673410183,$22.00,'840122905834,True
https://www.rarebeauty.com/products/rare-beauty-t-shirt?variant=40379031584903,$18.00,'840122902116,False
https://www.rarebeauty.com/products/rare-beauty-t-shirt?variant=40379031519367,$18.00,'840122902123,False
https://www.rarebeauty.com/products/rare-beauty-t-shirt?variant=40379031486599,$18.00,'840122902130,False
https://www.rarebeauty.com/products/rare-beauty-t-shirt?variant=40379031453831,$18.00,'840122902147,False
https://www.rarebeauty.com/products/rare-beauty-t-shirt?variant=40379031552135,$18.00,'840122902154,False
https://www.rarebeauty.com/products/rare-beauty-t-shirt?variant=40379031355527,$18.00,'840122902161,False
https://www.rarebeauty.com/products/rare-beauty-t-shirt?variant=40379031388295,$18.00,'840122902178,False
https://www.rarebeauty.com/products/rare-beauty-t-shirt?variant=40379031421063,$18.00,'840122902284,False
https://www.rarebeauty.com/products/positive-light-liquid-luminizer-1?variant=42267123777671,$27.00,'840122907029,True
https://www.rarebeauty.com/products/positive-light-liquid-luminizer-1?variant=42267130265735,$27.00,'840122907036,True
https://www.rarebeauty.com/products/positive-light-liquid-luminizer-1?variant=40242053054599,$27.00,'840122900143,True
https://www.rarebeauty.com/products/positive-light-liquid-luminizer-1?variant=40242053120135,$27.00,'840122900099,True
https://www.rarebeauty.com/products/positive-light-liquid-luminizer-1?variant=40242053152903,$27.00,'840122900082,True
https://www.rarebeauty.com/products/positive-light-liquid-luminizer-1?variant=40242053185671,$27.00,'840122900136,True
https://www.rarebeauty.com/products/positive-light-liquid-luminizer-1?variant=40242053218439,$27.00,'840122900105,True
https://www.rarebeauty.com/products/positive-light-liquid-luminizer-1?variant=40242053087367,$27.00,'840122900112,True
https://www.rarebeauty.com/products/positive-light-liquid-luminizer-1?variant=40242053251207,$27.00,'840122900150,True
https://www.rarebeauty.com/products/positive-light-liquid-luminizer-1?variant=40242053283975,$27.00,'840122900129,True
https://www.rarebeauty.com/products/liquid-touch-weightless-foundation-1?variant=40242055446663,$30.00,'840122902727,False
https://www.rarebeauty.com/products/liquid-touch-weightless-foundation-1?variant=40242055544967,$30.00,'840122902734,True
https://www.rarebeauty.com/products/liquid-touch-weightless-foundation-1?variant=40242055479431,$30.00,'840122902741,True
https://www.rarebeauty.com/products/liquid-touch-weightless-foundation-1?variant=40242055577735,$30.00,'840122902758,True
https://www.rarebeauty.com/products/liquid-touch-weightless-foundation-1?variant=40242055413895,$30.00,'840122902765,True
https://www.rarebeauty.com/products/liquid-touch-weightless-foundation-1?variant=40242055610503,$30.00,'840122902772,True
https://www.rarebeauty.com/products/liquid-touch-weightless-foundation-1?variant=40242055774343,$30.00,'840122902789,True
https://www.rarebeauty.com/products/liquid-touch-weightless-foundation-1?variant=40242055643271,$30.00,'840122902796,True
https://www.rarebeauty.com/products/liquid-touch-weightless-foundation-1?variant=40242055381127,$30.00,'840122902802,True
https://www.rarebeauty.com/products/liquid-touch-weightless-foundation-1?variant=40242055676039,$30.00,'840122902819,True
https://www.rarebeauty.com/products/liquid-touch-weightless-foundation-1?variant=40242055348359,$30.00,'840122902826,False
https://www.rarebeauty.com/products/liquid-touch-weightless-foundation-1?variant=40242055512199,$30.00,'840122902833,True
https://www.rarebeauty.com/products/liquid-touch-weightless-foundation-1?variant=40242055315591,$30.00,'840122900563,False
https://www.rarebeauty.com/products/liquid-touch-weightless-foundation-1?variant=40242055282823,$30.00,'840122902857,False
https://www.rarebeauty.com/products/liquid-touch-weightless-foundation-1?variant=40242055708807,$30.00,'840122902864,True
https://www.rarebeauty.com/products/liquid-touch-weightless-foundation-1?variant=40242055250055,$30.00,'840122902871,True
https://www.rarebeauty.com/products/liquid-touch-weightless-foundation-1?variant=40242055217287,$30.00,'840122900600,False
https://www.rarebeauty.com/products/liquid-touch-weightless-foundation-1?variant=40242055184519,$30.00,'840122902895,False
https://www.rarebeauty.com/products/liquid-touch-weightless-foundation-1?variant=40242055151751,$30.00,'840122902901,False
https://www.rarebeauty.com/products/liquid-touch-weightless-foundation-1?variant=40242055741575,$30.00,'840122902918,False
https://www.rarebeauty.com/products/liquid-touch-weightless-foundation-1?variant=40242055118983,$30.00,'840122902925,False
https://www.rarebeauty.com/products/liquid-touch-weightless-foundation-1?variant=40242055086215,$30.00,'840122902932,False
https://www.rarebeauty.com/products/liquid-touch-weightless-foundation-1?variant=40242055053447,$30.00,'840122902949,False
https://www.rarebeauty.com/products/liquid-touch-weightless-foundation-1?variant=40242055020679,$30.00,'840122900679,False
https://www.rarebeauty.com/products/liquid-touch-weightless-foundation-1?variant=40242054987911,$30.00,'840122900686,False
https://www.rarebeauty.com/products/liquid-touch-weightless-foundation-1?variant=40242054955143,$30.00,'840122900693,False
https://www.rarebeauty.com/products/liquid-touch-weightless-foundation-1?variant=40242054922375,$30.00,'840122900709,False
https://www.rarebeauty.com/products/liquid-touch-weightless-foundation-1?variant=40242054889607,$30.00,'840122900716,False
https://www.rarebeauty.com/products/liquid-touch-weightless-foundation-1?variant=40242054856839,$30.00,'840122900723,True
https://www.rarebeauty.com/products/liquid-touch-weightless-foundation-1?variant=40242054824071,$30.00,'840122900730,True
https://www.rarebeauty.com/products/liquid-touch-weightless-foundation-1?variant=40242054791303,$30.00,'840122900747,False
https://www.rarebeauty.com/products/liquid-touch-weightless-foundation-1?variant=40242054758535,$30.00,'840122900754,False
https://www.rarebeauty.com/products/liquid-touch-weightless-foundation-1?variant=40242054725767,$30.00,'840122900761,False
https://www.rarebeauty.com/products/liquid-touch-weightless-foundation-1?variant=40242054692999,$30.00,'840122900778,False
https://www.rarebeauty.com/products/liquid-touch-weightless-foundation-1?variant=40242054660231,$30.00,'840122900785,False
https://www.rarebeauty.com/products/liquid-touch-weightless-foundation-1?variant=40242054627463,$30.00,'840122900792,False
https://www.rarebeauty.com/products/liquid-touch-weightless-foundation-1?variant=40242054594695,$30.00,'840122900808,True
https://www.rarebeauty.com/products/liquid-touch-weightless-foundation-1?variant=40242054561927,$30.00,'840122900815,False
https://www.rarebeauty.com/products/liquid-touch-weightless-foundation-1?variant=40242054529159,$30.00,'840122900822,True
https://www.rarebeauty.com/products/liquid-touch-weightless-foundation-1?variant=40242054496391,$30.00,'840122900839,False
https://www.rarebeauty.com/products/liquid-touch-weightless-foundation-1?variant=40242054463623,$30.00,'840122900846,False
https://www.rarebeauty.com/products/liquid-touch-weightless-foundation-1?variant=40242054430855,$30.00,'840122900853,False
https://www.rarebeauty.com/products/liquid-touch-weightless-foundation-1?variant=40242054398087,$30.00,'840122900860,True
https://www.rarebeauty.com/products/liquid-touch-weightless-foundation-1?variant=40242054365319,$30.00,'840122900877,False
https://www.rarebeauty.com/products/liquid-touch-weightless-foundation-1?variant=40242054332551,$30.00,'840122900884,False
https://www.rarebeauty.com/products/liquid-touch-weightless-foundation-1?variant=40242054299783,$30.00,'840122900891,False
https://www.rarebeauty.com/products/liquid-touch-weightless-foundation-1?variant=40242054267015,$30.00,'840122900907,True
https://www.rarebeauty.com/products/liquid-touch-weightless-foundation-1?variant=40242054234247,$30.00,'840122900914,False
https://www.rarebeauty.com/products/perfect-strokes-longwear-gel-eyeliner?variant=40491203068039,$20.00,'840122906169,True
https://www.rarebeauty.com/products/perfect-strokes-longwear-gel-eyeliner?variant=40491203100807,$20.00,'840122906176,True
https://www.rarebeauty.com/products/perfect-strokes-longwear-gel-eyeliner?variant=40491203133575,$20.00,'840122906183,True
https://www.rarebeauty.com/products/positive-light-tinted-moisturizer-spf-20?variant=39793304633479,$30.00,'840122904196,True
https://www.rarebeauty.com/products/positive-light-tinted-moisturizer-spf-20?variant=39793304666247,$30.00,'840122904202,True
https://www.rarebeauty.com/products/positive-light-tinted-moisturizer-spf-20?variant=39793304699015,$30.00,'840122904219,True
https://www.rarebeauty.com/products/positive-light-tinted-moisturizer-spf-20?variant=39793304731783,$30.00,'840122904226,True
https://www.rarebeauty.com/products/positive-light-tinted-moisturizer-spf-20?variant=39793304764551,$30.00,'840122904233,True
https://www.rarebeauty.com/products/positive-light-tinted-moisturizer-spf-20?variant=39793304797319,$30.00,'840122904240,True
https://www.rarebeauty.com/products/positive-light-tinted-moisturizer-spf-20?variant=39793304830087,$30.00,'840122904257,True
https://www.rarebeauty.com/products/positive-light-tinted-moisturizer-spf-20?variant=39793304862855,$30.00,'840122904271,True
https://www.rarebeauty.com/products/positive-light-tinted-moisturizer-spf-20?variant=39793304895623,$30.00,'840122904264,True
https://www.rarebeauty.com/products/positive-light-tinted-moisturizer-spf-20?variant=39793304928391,$30.00,'840122904288,True
https://www.rarebeauty.com/products/positive-light-tinted-moisturizer-spf-20?variant=39793304961159,$30.00,'840122904295,True
https://www.rarebeauty.com/products/positive-light-tinted-moisturizer-spf-20?variant=39793304993927,$30.00,'840122904301,True
https://www.rarebeauty.com/products/positive-light-tinted-moisturizer-spf-20?variant=39793305026695,$30.00,'840122904318,True
https://www.rarebeauty.com/products/positive-light-tinted-moisturizer-spf-20?variant=39793305059463,$30.00,'840122904325,False
https://www.rarebeauty.com/products/positive-light-tinted-moisturizer-spf-20?variant=39793305092231,$30.00,'840122904332,True
https://www.rarebeauty.com/products/positive-light-tinted-moisturizer-spf-20?variant=39793305124999,$30.00,'840122904349,True
https://www.rarebeauty.com/products/positive-light-tinted-moisturizer-spf-20?variant=39793305157767,$30.00,'840122904356,True
https://www.rarebeauty.com/products/positive-light-tinted-moisturizer-spf-20?variant=39793305190535,$30.00,'840122904363,True
https://www.rarebeauty.com/products/positive-light-tinted-moisturizer-spf-20?variant=39793305223303,$30.00,'840122904370,True
https://www.rarebeauty.com/products/positive-light-tinted-moisturizer-spf-20?variant=39793305256071,$30.00,'840122904387,True
https://www.rarebeauty.com/products/positive-light-tinted-moisturizer-spf-20?variant=39793305288839,$30.00,'840122904394,False
https://www.rarebeauty.com/products/positive-light-tinted-moisturizer-spf-20?variant=39793305321607,$30.00,'840122904400,True
https://www.rarebeauty.com/products/positive-light-tinted-moisturizer-spf-20?variant=39793305354375,$30.00,'840122904417,False
https://www.rarebeauty.com/products/positive-light-tinted-moisturizer-spf-20?variant=39793305387143,$30.00,'840122904424,False
https://www.rarebeauty.com/products/warm-wishes-effortless-bronzer-stick?variant=39620264362119,$28.00,'840122903496,True
https://www.rarebeauty.com/products/warm-wishes-effortless-bronzer-stick?variant=39620264394887,$28.00,'840122903502,True
https://www.rarebeauty.com/products/warm-wishes-effortless-bronzer-stick?variant=39620264427655,$28.00,'840122903519,True
https://www.rarebeauty.com/products/warm-wishes-effortless-bronzer-stick?variant=39620264460423,$28.00,'840122903526,True
https://www.rarebeauty.com/products/warm-wishes-effortless-bronzer-stick?variant=39620264493191,$28.00,'840122903533,False
https://www.rarebeauty.com/products/warm-wishes-effortless-bronzer-stick?variant=40385281917063,$28.00,'840122905889,True
https://www.rarebeauty.com/products/warm-wishes-effortless-bronzer-stick?variant=40385281949831,$28.00,'840122905902,True
https://www.rarebeauty.com/products/warm-wishes-effortless-bronzer-stick?variant=40385281982599,$28.00,'840122905919,True
https://www.rarebeauty.com/products/with-gratitude-dewy-lip-balm?variant=40241869553799,$16.00,'840122900303,False
https://www.rarebeauty.com/products/with-gratitude-dewy-lip-balm?variant=34493781246087,$16.00,'840122900310,False
https://www.rarebeauty.com/products/with-gratitude-dewy-lip-balm?variant=40241869586567,$16.00,'840122900297,False
https://www.rarebeauty.com/products/with-gratitude-dewy-lip-balm?variant=40241869521031,$16.00,'840122900327,False
https://www.rarebeauty.com/products/with-gratitude-dewy-lip-balm?variant=40241869422727,$16.00,'840122900358,False
https://www.rarebeauty.com/products/with-gratitude-dewy-lip-balm?variant=40241869488263,$16.00,'840122900334,False
https://www.rarebeauty.com/products/with-gratitude-dewy-lip-balm?variant=40241869455495,$16.00,'840122900341,True
https://www.rarebeauty.com/products/with-gratitude-dewy-lip-balm?variant=40241869619335,$16.00,'840122900280,True
https://www.rarebeauty.com/products/stay-vulnerable-melting-blush?variant=34777542000775,$24.00,'840122902475,True
https://www.rarebeauty.com/products/stay-vulnerable-melting-blush?variant=34777542033543,$24.00,'840122902482,True
https://www.rarebeauty.com/products/stay-vulnerable-melting-blush?variant=34777542066311,$24.00,'840122902499,True
https://www.rarebeauty.com/products/stay-vulnerable-melting-blush?variant=34777542099079,$24.00,'840122902505,True
https://www.rarebeauty.com/products/stay-vulnerable-melting-blush?variant=34777542131847,$24.00,'840122902512,True
https://www.rarebeauty.com/products/stay-vulnerable-liquid-eyeshadow?variant=34777545277575,$20.00,'840122902437,True
https://www.rarebeauty.com/products/stay-vulnerable-liquid-eyeshadow?variant=34777545343111,$20.00,'840122902451,True
https://www.rarebeauty.com/products/stay-vulnerable-liquid-eyeshadow?variant=34777545212039,$20.00,'840122902413,False
https://www.rarebeauty.com/products/stay-vulnerable-liquid-eyeshadow?variant=34777545244807,$20.00,'840122902420,False
https://www.rarebeauty.com/products/stay-vulnerable-liquid-eyeshadow?variant=34777545310343,$20.00,'840122902444,False
https://www.rarebeauty.com/products/soft-pinch-liquid-blush?variant=34493780885639,$25.00,'840122900037,True
https://www.rarebeauty.com/products/soft-pinch-liquid-blush?variant=34493780951175,$25.00,'840122900013,True
https://www.rarebeauty.com/products/soft-pinch-liquid-blush?variant=34493780983943,$25.00,'840122900006,True
https://www.rarebeauty.com/products/soft-pinch-liquid-blush?variant=34493780918407,$25.00,'840122900020,True
https://www.rarebeauty.com/products/soft-pinch-liquid-blush?variant=34493780820103,$25.00,'840122900051,True
https://www.rarebeauty.com/products/soft-pinch-liquid-blush?variant=34493780787335,$25.00,'840122900068,True
https://www.rarebeauty.com/products/soft-pinch-liquid-blush?variant=34493780852871,$25.00,'840122900044,True
https://www.rarebeauty.com/products/soft-pinch-liquid-blush?variant=34493780754567,$25.00,'840122900075,True
https://www.rarebeauty.com/products/soft-pinch-liquid-blush?variant=39649324138631,$25.00,'840122904929,True
https://www.rarebeauty.com/products/soft-pinch-liquid-blush?variant=39649324171399,$25.00,'840122904936,True
https://www.rarebeauty.com/products/soft-pinch-liquid-blush?variant=39649324204167,$25.00,'840122904943,True
https://www.rarebeauty.com/products/soft-pinch-liquid-blush?variant=40385281884295,$25.00,'840122906077,True
https://www.rarebeauty.com/products/soft-pinch-liquid-blush?variant=40392282079367,$25.00,'840122906084,True
https://www.rarebeauty.com/products/everyday-quarter-zip-sweatshirt?variant=41708547211399,$45.00,'840122907739,True
https://www.rarebeauty.com/products/everyday-quarter-zip-sweatshirt?variant=41708547244167,$45.00,'840122907746,True
https://www.rarebeauty.com/products/everyday-quarter-zip-sweatshirt?variant=41708547276935,$45.00,'840122907753,True
https://www.rarebeauty.com/products/everyday-quarter-zip-sweatshirt?variant=41708547309703,$45.00,'840122907760,True
https://www.rarebeauty.com/products/everyday-quarter-zip-sweatshirt?variant=41708547342471,$45.00,'840122907777,True
https://www.rarebeauty.com/products/everyday-quarter-zip-sweatshirt?variant=41708547375239,$45.00,'840122907784,True
https://www.rarebeauty.com/products/find-comfort-puffy-toiletry-bag?variant=40845750501511,$38.00,'840122906770,False
https://www.rarebeauty.com/products/lip-souffle-matte-lip-cream?variant=40242029101191,$20.00,'840122900266,False
https://www.rarebeauty.com/products/lip-souffle-matte-lip-cream?variant=40242029133959,$20.00,'840122900259,True
https://www.rarebeauty.com/products/lip-souffle-matte-lip-cream?variant=34493776330887,$20.00,'840122900211,True
https://www.rarebeauty.com/products/lip-souffle-matte-lip-cream?variant=40242029297799,$20.00,'840122900198,False
https://www.rarebeauty.com/products/lip-souffle-matte-lip-cream?variant=40242029330567,$20.00,'840122900181,False
https://www.rarebeauty.com/products/lip-souffle-matte-lip-cream?variant=40242029265031,$20.00,'840122900174,True
https://www.rarebeauty.com/products/lip-souffle-matte-lip-cream?variant=40242029166727,$20.00,'840122900167,False
https://www.rarebeauty.com/products/lip-souffle-matte-lip-cream?variant=40242029199495,$20.00,'840122900273,True
https://www.rarebeauty.com/products/lip-souffle-matte-lip-cream?variant=40242029232263,$20.00,'840122900242,False
https://www.rarebeauty.com/products/lip-souffle-matte-lip-cream?variant=40242029363335,$20.00,'840122900235,True
https://www.rarebeauty.com/products/lip-souffle-matte-lip-cream?variant=40242029068423,$20.00,'840122900204,False
https://www.rarebeauty.com/products/lip-souffle-matte-lip-cream?variant=40242029396103,$20.00,'840122900228,True
https://www.rarebeauty.com/products/lip-souffle-matte-lip-cream?variant=40268307103879,$20.00,'840122905315,True
https://www.rarebeauty.com/products/lip-souffle-matte-lip-cream?variant=40268307136647,$20.00,'840122905322,True
https://www.rarebeauty.com/products/lip-souffle-matte-lip-cream?variant=40268307169415,$20.00,'840122905339,True
https://www.rarebeauty.com/products/always-an-optimist-soft-radiance-setting-powder?variant=39620264198279,$25.00,'840122903441,True
https://www.rarebeauty.com/products/always-an-optimist-soft-radiance-setting-powder?variant=39620264231047,$25.00,'840122903458,True
https://www.rarebeauty.com/products/always-an-optimist-soft-radiance-setting-powder?variant=39620264263815,$25.00,'840122903465,True
https://www.rarebeauty.com/products/always-an-optimist-soft-radiance-setting-powder?variant=39620264296583,$25.00,'840122903472,True
https://www.rarebeauty.com/products/always-an-optimist-soft-radiance-setting-powder?variant=39620264329351,$25.00,'840122903489,True
https://www.rarebeauty.com/products/positive-light-tinted-moisturizer?variant=39793303814279,$30.00,'840122903953,True
https://www.rarebeauty.com/products/positive-light-tinted-moisturizer?variant=39793303847047,$30.00,'840122903960,True
https://www.rarebeauty.com/products/positive-light-tinted-moisturizer?variant=39793303879815,$30.00,'840122903977,True
https://www.rarebeauty.com/products/positive-light-tinted-moisturizer?variant=39793303912583,$30.00,'840122903984,True
https://www.rarebeauty.com/products/positive-light-tinted-moisturizer?variant=39793303945351,$30.00,'840122903991,True
https://www.rarebeauty.com/products/positive-light-tinted-moisturizer?variant=39793303978119,$30.00,'840122904004,True
https://www.rarebeauty.com/products/positive-light-tinted-moisturizer?variant=39793304010887,$30.00,'840122904011,True
https://www.rarebeauty.com/products/positive-light-tinted-moisturizer?variant=39793304043655,$30.00,'840122904028,True
https://www.rarebeauty.com/products/positive-light-tinted-moisturizer?variant=39793304076423,$30.00,'840122904035,True
https://www.rarebeauty.com/products/positive-light-tinted-moisturizer?variant=39793304109191,$30.00,'840122904042,True
https://www.rarebeauty.com/products/positive-light-tinted-moisturizer?variant=39793304141959,$30.00,'840122904059,True
https://www.rarebeauty.com/products/positive-light-tinted-moisturizer?variant=39793304174727,$30.00,'840122904066,True
https://www.rarebeauty.com/products/positive-light-tinted-moisturizer?variant=39793304207495,$30.00,'840122904073,True
https://www.rarebeauty.com/products/positive-light-tinted-moisturizer?variant=39793304240263,$30.00,'840122904080,True
https://www.rarebeauty.com/products/positive-light-tinted-moisturizer?variant=39793304273031,$30.00,'840122904097,True
https://www.rarebeauty.com/products/positive-light-tinted-moisturizer?variant=39793304305799,$30.00,'840122904103,True
https://www.rarebeauty.com/products/positive-light-tinted-moisturizer?variant=39793304338567,$30.00,'840122904110,False
https://www.rarebeauty.com/products/positive-light-tinted-moisturizer?variant=39793304371335,$30.00,'840122904127,True
https://www.rarebeauty.com/products/positive-light-tinted-moisturizer?variant=39793304404103,$30.00,'840122904134,False
https://www.rarebeauty.com/products/positive-light-tinted-moisturizer?variant=39793304436871,$30.00,'840122904141,False
https://www.rarebeauty.com/products/positive-light-tinted-moisturizer?variant=39793304469639,$30.00,'840122904158,True
https://www.rarebeauty.com/products/positive-light-tinted-moisturizer?variant=39793304502407,$30.00,'840122904165,True
https://www.rarebeauty.com/products/positive-light-tinted-moisturizer?variant=39793304535175,$30.00,'840122904172,False
https://www.rarebeauty.com/products/positive-light-tinted-moisturizer?variant=39793304567943,$30.00,'840122904189,False
https://www.rarebeauty.com/products/find-comfort-tinted-clutch?variant=40701186179207,$15.00,'840122901706,True
https://www.rarebeauty.com/products/stay-vulnerable-mini-glossy-lip-balm-duo?variant=41960970158215,$25.00,'840122907555,True
https://www.rarebeauty.com/products/puffy-belt-bag?variant=40845750468743,$35.00,'840122906763,True
https://www.rarebeauty.com/products/puffy-traveler-tote?variant=40329097904263,$45.00,'840122905964,True
https://www.rarebeauty.com/products/puffy-traveler-tote-black?variant=40845750534279,$45.00,'840122906794,True
https://www.rarebeauty.com/products/hydrating-under-eye-patches-1-pair?variant=40253135061127,$4.00,'840122905735,False
https://www.rarebeauty.com/products/find-comfort-headband?variant=40909391298695,$16.00,'840122906879,True
https://www.rarebeauty.com/products/rare-beauty-baseball-hat?variant=40332828082311,$20.00,'840122906251,False
https://www.rarebeauty.com/products/rare-beauty-decal-stickers?variant=34772019544199,$5.00,'840122902697,False
https://www.rarebeauty.com/products/positive-light-tinted-moisturizer-broad-spectrum-spf-20-sunscreen?variant=39775686983815,$30.00,'840122903717,True
https://www.rarebeauty.com/products/positive-light-tinted-moisturizer-broad-spectrum-spf-20-sunscreen?variant=39775687016583,$30.00,'840122903724,True
https://www.rarebeauty.com/products/positive-light-tinted-moisturizer-broad-spectrum-spf-20-sunscreen?variant=39775687049351,$30.00,'840122903731,True
https://www.rarebeauty.com/products/positive-light-tinted-moisturizer-broad-spectrum-spf-20-sunscreen?variant=39775687082119,$30.00,'840122903748,True
https://www.rarebeauty.com/products/positive-light-tinted-moisturizer-broad-spectrum-spf-20-sunscreen?variant=39775687114887,$30.00,'840122903755,True
https://www.rarebeauty.com/products/positive-light-tinted-moisturizer-broad-spectrum-spf-20-sunscreen?variant=39775687147655,$30.00,'840122903762,True
https://www.rarebeauty.com/products/positive-light-tinted-moisturizer-broad-spectrum-spf-20-sunscreen?variant=39775687180423,$30.00,'840122903779,True
https://www.rarebeauty.com/products/positive-light-tinted-moisturizer-broad-spectrum-spf-20-sunscreen?variant=39775687213191,$30.00,'840122903786,True
https://www.rarebeauty.com/products/positive-light-tinted-moisturizer-broad-spectrum-spf-20-sunscreen?variant=39775687245959,$30.00,'840122903793,True
https://www.rarebeauty.com/products/positive-light-tinted-moisturizer-broad-spectrum-spf-20-sunscreen?variant=39775687278727,$30.00,'840122903809,True
https://www.rarebeauty.com/products/positive-light-tinted-moisturizer-broad-spectrum-spf-20-sunscreen?variant=39775687311495,$30.00,'840122903816,True
https://www.rarebeauty.com/products/positive-light-tinted-moisturizer-broad-spectrum-spf-20-sunscreen?variant=39775687344263,$30.00,'840122903823,True
https://www.rarebeauty.com/products/positive-light-tinted-moisturizer-broad-spectrum-spf-20-sunscreen?variant=39775687377031,$30.00,'840122903830,True
https://www.rarebeauty.com/products/positive-light-tinted-moisturizer-broad-spectrum-spf-20-sunscreen?variant=39775687409799,$30.00,'840122903847,True
https://www.rarebeauty.com/products/positive-light-tinted-moisturizer-broad-spectrum-spf-20-sunscreen?variant=39775687442567,$30.00,'840122903854,False
https://www.rarebeauty.com/products/positive-light-tinted-moisturizer-broad-spectrum-spf-20-sunscreen?variant=39775687475335,$30.00,'840122903861,True
https://www.rarebeauty.com/products/positive-light-tinted-moisturizer-broad-spectrum-spf-20-sunscreen?variant=39775687508103,$30.00,'840122903878,True
https://www.rarebeauty.com/products/positive-light-tinted-moisturizer-broad-spectrum-spf-20-sunscreen?variant=39775687540871,$30.00,'840122903885,False
https://www.rarebeauty.com/products/positive-light-tinted-moisturizer-broad-spectrum-spf-20-sunscreen?variant=39775687573639,$30.00,'840122903892,False
https://www.rarebeauty.com/products/positive-light-tinted-moisturizer-broad-spectrum-spf-20-sunscreen?variant=39775687606407,$30.00,'840122903908,False
https://www.rarebeauty.com/products/positive-light-tinted-moisturizer-broad-spectrum-spf-20-sunscreen?variant=39775687639175,$30.00,'840122903915,False
https://www.rarebeauty.com/products/positive-light-tinted-moisturizer-broad-spectrum-spf-20-sunscreen?variant=39775687671943,$30.00,'840122903922,False
https://www.rarebeauty.com/products/positive-light-tinted-moisturizer-broad-spectrum-spf-20-sunscreen?variant=39775687704711,$30.00,'840122903939,False
https://www.rarebeauty.com/products/positive-light-tinted-moisturizer-broad-spectrum-spf-20-sunscreen?variant=39775687737479,$30.00,'840122903946,False
https://www.rarebeauty.com/products/makeup-puffy-bag-peach?variant=34507922342023,$22.00,'840122902185,True
https://www.rarebeauty.com/products/enamel-stickers?variant=34532556210311,$8.00,'840122902222,False
https://www.rarebeauty.com/products/puffy-makeup-bag-mauve?variant=40855282679943,$22.00,'840122906862,True
https://www.rarebeauty.com/products/brow-harmony-precision-pencil?variant=40491203395719,$19.00,'840122905841,True
https://www.rarebeauty.com/products/brow-harmony-precision-pencil?variant=40491203428487,$19.00,'840122906107,True
https://www.rarebeauty.com/products/brow-harmony-precision-pencil?variant=40491203461255,$19.00,'840122906114,True
https://www.rarebeauty.com/products/brow-harmony-precision-pencil?variant=40491203494023,$19.00,'840122906121,True
https://www.rarebeauty.com/products/brow-harmony-precision-pencil?variant=40491203526791,$19.00,'840122906138,True
https://www.rarebeauty.com/products/brow-harmony-precision-pencil?variant=40491203559559,$19.00,'840122906145,True
https://www.rarebeauty.com/products/find-comfort-claw-clip-awaken-confidence?variant=42046334238855,$10.00,'840122908606,True
https://www.rarebeauty.com/products/soft-pinch-liquid-blush-mini?variant=42673039442055,$15.00,'840122908491,True
https://www.rarebeauty.com/products/soft-pinch-liquid-blush-mini?variant=42673039409287,$15.00,'840122907876,True
https://www.rarebeauty.com/products/soft-pinch-liquid-blush-mini?variant=42673039474823,$15.00,'840122908682,True
https://www.rarebeauty.com/products/soft-pinch-liquid-blush-mini?variant=40569308545159,$15.00,'840122906503,True
https://www.rarebeauty.com/products/soft-pinch-liquid-blush-mini?variant=42673039507591,$15.00,'840122908880,True
https://www.rarebeauty.com/products/soft-pinch-liquid-blush-mini?variant=42721151385735,$15.00,'840122901621,True
https://www.rarebeauty.com/products/soft-pinch-liquid-blush-mini?variant=40970263101575,$15.00,'840122901638,True
https://www.rarebeauty.com/products/soft-pinch-liquid-blush-mini?variant=40970263134343,$15.00,'840122901645,False
https://www.rarebeauty.com/products/soft-pinch-liquid-blush-mini?variant=42721151451271,$15.00,'840122901652,False
https://www.rarebeauty.com/products/soft-pinch-liquid-blush-mini?variant=40970263199879,$15.00,'840122901669,False
https://www.rarebeauty.com/products/soft-pinch-liquid-blush-mini?variant=42721151516807,$15.00,'840122901867,False
https://www.rarebeauty.com/products/stay-vulnerable-glossy-lip-balm?variant=40241822630023,$20.00,'840122902369,True
https://www.rarebeauty.com/products/stay-vulnerable-glossy-lip-balm?variant=40241822531719,$20.00,'840122902376,True
https://www.rarebeauty.com/products/stay-vulnerable-glossy-lip-balm?variant=40241822564487,$20.00,'840122902383,True
https://www.rarebeauty.com/products/stay-vulnerable-glossy-lip-balm?variant=34777545146503,$20.00,'840122902390,True
https://www.rarebeauty.com/products/stay-vulnerable-glossy-lip-balm?variant=40241822597255,$20.00,'840122902406,True
https://www.rarebeauty.com/products/stay-vulnerable-glossy-lip-balm?variant=41709443154055,$20.00,'840122905995,True
