UPC,Price,Color,Source Link
,99.95,Black,https://www.crateandbarrel.com/zwilling-gourmet-3-piece-starter-knife-set/s519199
43251156610,21.95,Blue/Green,https://www.crateandbarrel.com/le-creuset-8-oz.-sea-salt-round-mini-cocotte-with-lid/s649592
24147341659,164.95,Off White,https://www.crateandbarrel.com/le-creuset-2.25-qt.-cream-enameled-cast-iron-braiser-with-glass-lid/s111274
85837033472,11.95,,https://www.crateandbarrel.com/greenpan-4-titanium-paring-knife/s346894
24147322030,299.95,Green,https://www.crateandbarrel.com/le-creuset-signature-8-qt.-sea-salt-enameled-cast-iron-oval-dutch-oven/s630154
35886659554,89.95,Silver,https://www.crateandbarrel.com/henckels-8.5-qt.-stainless-steel-pasta-pot-with-straining-baskets/s689755
72078035716,59.99,Green,https://www.crateandbarrel.com/staub-2-piece-eucalyptus-green-ceramic-baking-dish-set/s159896
72078039615,199.95,Green,https://www.crateandbarrel.com/staub-eucalyptus-5-qt.-essential-french-oven/s663811
,15.95,Yellow/White,https://www.crateandbarrel.com/dash-plaid-saffron-yellow-organic-cotton-dish-towels-set-of-2/s357431
86279244369,179.95,Silver,https://www.crateandbarrel.com/cuisinart-airfryer-toaster-oven-with-grill/s676033
24147315865,219.95,Green,https://www.crateandbarrel.com/le-creuset-3.75-qt.-sea-salt-enameled-cast-iron-covered-oval-casserole-dish/s384185
,26.35,White,https://www.crateandbarrel.com/french-kitchen-marble-paper-towel-holder/s520241
,19.95,Black,https://www.crateandbarrel.com/hayes-2-slot-black-marble-soap-tray/s101139
,15.95,Blue/White,https://www.crateandbarrel.com/dash-plaid-light-navy-organic-cotton-dish-towels-set-of-2/s357404
43251172443,25.95,Blue,https://www.crateandbarrel.com/le-creuset-7-oz.-chambray-round-ramekins-set-of-2/s161300
,225.00,Blue,https://www.crateandbarrel.com/le-creuset-heritage-chambray-5-piece-stoneware-bakeware-set/s130436
24147341758,299.95,Green,https://www.crateandbarrel.com/le-creuset-signature-8-qt.-thyme-enameled-cast-iron-oval-dutch-oven/s630094
75536374574,29.95,,https://www.crateandbarrel.com/lodge-cast-iron-wedge-pan-with-silicone-grip/s277540
86279231017,29.95,Off White,https://www.crateandbarrel.com/cuisinart-1-pint-ice-cream-maker/s385279
72078037352,69.99,Green,https://www.crateandbarrel.com/staub-eucalyptus-oval-bakers-set-of-3/s140876
24147322573,299.95,Off White,https://www.crateandbarrel.com/le-creuset-signature-8-qt.-cream-enameled-cast-iron-oval-dutch-oven/s630103
72078022099,59.99,White,https://www.crateandbarrel.com/staub-white-2-piece-rectangular-baker-set/s260844
43251188116,25.95,Green,https://www.crateandbarrel.com/le-creuset-7-oz.-thyme-round-ramekins-set-of-2/s161293
24147342243,164.95,Green,https://www.crateandbarrel.com/le-creuset-2.25-qt.-thyme-enameled-cast-iron-braiser-with-glass-lid/s111348
,27.96,Off White,https://www.crateandbarrel.com/olivewood-and-matte-ceramic-utensil-holder/s397895
24147341727,299.95,Blue,https://www.crateandbarrel.com/le-creuset-signature-8-qt.-nuit-enameled-cast-iron-oval-dutch-oven/s630118
72078039226,299.95,Brown,https://www.crateandbarrel.com/staub-sesame-7-qt.-round-cocotte/s480615
43251188055,25.95,Blue,https://www.crateandbarrel.com/le-creuset-7-oz.-sea-salt-round-ramekins-set-of-2/s160600
11644914714,149.95,Silver,https://www.crateandbarrel.com/all-clad-d3-curated-2.5-quart-saucier-with-lid/s516136
72078035877,299.95,Green,https://www.crateandbarrel.com/staub-7-qt.-eucalyptus-round-cocotte/s178699
86279051684,47.95,Silver,https://www.crateandbarrel.com/cuisinart-multi-clad-pro-tri-ply-stainless-steel-2-qt.-saucepan-with-lid/s424263
12895023626,599.95,Green,https://www.crateandbarrel.com/smeg-matte-jade-green-automatic-coffee-and-espresso-machine-with-milk-frother/s211121
72078039455,119.99,Brown,https://www.crateandbarrel.com/staub-sesame-3-piece-rectangular-baking-dish-set/s524503
72078033095,119.99,White,https://www.crateandbarrel.com/staub-white-rectangular-baking-dishes-set-of-3/s100881
24147313120,219.95,Grey,https://www.crateandbarrel.com/le-creuset-3.75-qt.-oyster-enameled-cast-iron-covered-oval-casserole-dish/s384163
35886659325,59.95,Silver,https://www.crateandbarrel.com/henckels-clad-h3-stainless-steel-10-ceramic-nonstick-fry-pan-with-lid/s313426
86279168009,99.95,Silver,https://www.crateandbarrel.com/cuisinart-pure-indulgence-2-qt.-frozen-yogurt-sorbet-and-ice-cream-maker/s315193
,79.95,Green,https://www.crateandbarrel.com/le-creuset-heritage-9-thyme-pie-dishes-set-of-2/s240297
,15.95,Grey/White,https://www.crateandbarrel.com/dash-stripe-pewter-grey-organic-cotton-dish-towels-set-of-2/s357442
72078039677,99.95,Pink,https://www.crateandbarrel.com/staub-peony-pink-cast-iron-8.5-traditional-deep-skillet/s673569
,15.95,Black/White,https://www.crateandbarrel.com/dash-plaid-ink-black-organic-cotton-dish-towels-set-of-2/s357425
76440151534,59.95,Clear/Blue,https://www.crateandbarrel.com/anchor-hocking-10-piece-glass-bake-and-store-food-storage-set-with-navy-blue-lids/s541555
24147323303,299.95,Blue,https://www.crateandbarrel.com/le-creuset-signature-8-qt.-chambray-enameled-cast-iron-oval-dutch-oven/s630072
35886641733,99.95,Black,https://www.crateandbarrel.com/zwilling-pro-7-hollow-edge-santoku-knife/s506011
72078039875,199.95,Green,https://www.crateandbarrel.com/staub-eucalyptus-4.5-qt.-perfect-pan/s108209
24147343196,219.95,Pink,https://www.crateandbarrel.com/le-creuset-3.75-qt.-peche-enameled-cast-iron-covered-oval-casserole-dish/s383829
72078038274,69.99,Green,https://www.crateandbarrel.com/staub-eucalyptus-mini-cocottes-set-of-3/s140889
72078022105,59.99,Blue,https://www.crateandbarrel.com/staub-dark-blue-2-piece-rectangular-baker-set/s260836
35886659363,49.95,Silver,https://www.crateandbarrel.com/henckels-clad-h3-10-stainless-steel-fry-pan-with-lid/s313635
43251192663,79.95,Pink,https://www.crateandbarrel.com/le-creuset-heritage-9-chiffon-pink-pie-dishes-set-of-2/s240439
,49.95,Silver,https://www.crateandbarrel.com/stainless-steel-bowls-set-of-3/s678096
24147342229,164.95,Green,https://www.crateandbarrel.com/le-creuset-2.25-qt.-olive-enameled-cast-iron-braiser-with-glass-lid/s111028
72078039479,169.99,Brown,https://www.crateandbarrel.com/staub-sesame-4-piece-baking-dish-set/s524497
13248012243,79.95,Silver,https://www.crateandbarrel.com/demeyere-resto-4-cup-stainless-steel-egg-poacher-set/s279798
,225.00,Blue,https://www.crateandbarrel.com/le-creuset-heritage-nuit-5-piece-stoneware-bakeware-set/s355384
,31.95,Brown,https://www.crateandbarrel.com/tuscan-kitchen-marble-paper-towel-holder/s317537
43251188086,25.95,White,https://www.crateandbarrel.com/le-creuset-7-oz.-white-round-ramekins-set-of-2/s160686
24147313106,219.95,White,https://www.crateandbarrel.com/le-creuset-3.75-qt.-white-enameled-cast-iron-covered-oval-casserole-dish/s384110
15388080223,11.95,Silver,https://www.crateandbarrel.com/crate-and-barrel-silver-9-round-cake-pan/s441004
24147333586,219.95,Black,https://www.crateandbarrel.com/le-creuset-3.75-qt.-licorice-enameled-cast-iron-covered-oval-casserole-dish/s383890
24147305903,219.95,Orange,https://www.crateandbarrel.com/le-creuset-3.75-qt.-flame-enameled-cast-iron-covered-oval-casserole-dish/s384106
72078035709,119.99,Green,https://www.crateandbarrel.com/staub-3-piece-eucalyptus-green-ceramic-baking-dish-set/s159874
43251192953,79.95,Green,https://www.crateandbarrel.com/le-creuset-heritage-9-sea-salt-pie-dishes-set-of-2/s240386
85837036725,149.95,Off White,https://www.crateandbarrel.com/crate-and-barrel-evencook-core-21-cream-ceramic-non-stick-roasting-pan-with-rack/s368036
24147333593,219.95,Green,https://www.crateandbarrel.com/le-creuset-3.75-qt.-artichaut-enameled-cast-iron-covered-oval-casserole-dish/s384050
85609027319,389.95,Silver,https://www.crateandbarrel.com/dyson-v8-cordless-vacuum-cleaner/s417668
24147342212,164.95,Blue,https://www.crateandbarrel.com/le-creuset-2.25-qt.-chambray-enameled-cast-iron-braiser-with-glass-lid/s111301
,225.00,White,https://www.crateandbarrel.com/le-creuset-heritage-white-5-piece-stoneware-bakeware-set/s556903
24147341673,164.95,Black,https://www.crateandbarrel.com/le-creuset-2.25-qt.-licorice-enameled-cast-iron-braiser-with-glass-lid/s110972
30870155892,69.95,,https://www.crateandbarrel.com/le-creuset-heritage-2-qt.-cerise-square-covered-casserole/s561968
22356564380,159.95,Black,https://www.crateandbarrel.com/ninja-foodi-2-basket-8-qt.-air-fryer-with-dualzone-technology/s335552
30870306003,69.95,,https://www.crateandbarrel.com/le-creuset-heritage-2-qt.-olive-square-covered-casserole/s561974
43251188062,25.95,Blue,https://www.crateandbarrel.com/le-creuset-7-oz.-marseille-round-ramekins-set-of-2/s160676
72078038724,59.99,Yellow,https://www.crateandbarrel.com/staub-citron-rectangular-bakers-set-of-2/s243773
86279213938,119.95,Silver,https://www.crateandbarrel.com/cuisinart-6-quart-basket-air-fryer/s667286
24147313137,219.95,Blue,https://www.crateandbarrel.com/le-creuset-3.75-qt.-marseille-enameled-cast-iron-covered-oval-casserole-dish/s384147
24147343202,219.95,Green,https://www.crateandbarrel.com/le-creuset-3.75-qt.-olive-enameled-cast-iron-covered-oval-casserole-dish/s383912
72078039257,199.95,Brown,https://www.crateandbarrel.com/staub-sesame-5-qt.-essential-french-oven/s480574
24147342267,164.95,Pink,https://www.crateandbarrel.com/le-creuset-2.25-qt.-peche-enameled-cast-iron-braiser-with-glass-lid/s110944
,79.95,Blue,https://www.crateandbarrel.com/le-creuset-heritage-9-chambray-pie-dishes-set-of-2/s240278
,79.95,Blue,https://www.crateandbarrel.com/le-creuset-heritage-9-nuit-pie-dishes-set-of-2/s240495
72078033668,119.99,Red,https://www.crateandbarrel.com/staub-cherry-rectangular-bakers-set-of-3/s243626
72078025533,149.95,Grey,https://www.crateandbarrel.com/staub-12-graphite-grey-enameled-cast-iron-square-grill-pan/s259401
72078022112,59.99,Red,https://www.crateandbarrel.com/staub-cherry-2-piece-rectangular-baker-set/s260687
24147341642,164.95,Green,https://www.crateandbarrel.com/le-creuset-2.25-qt.-sea-salt-enameled-cast-iron-braiser-with-glass-lid/s111136
72078039639,299.95,Pink,https://www.crateandbarrel.com/staub-peony-pink-cast-iron-7-qt.-round-cocotte/s673524
35886323981,69.99,Red,https://www.crateandbarrel.com/staub-cherry-round-mini-cocottes-set-of-3/s409438
43251196043,79.95,Green,https://www.crateandbarrel.com/le-creuset-heritage-9-artichaut-pie-dishes-set-of-2/s240408
83421103376,99.95,Black,https://www.crateandbarrel.com/scanpan-classic-frying-pans-set-of-2/s209311
72078026615,59.99,Black,https://www.crateandbarrel.com/staub-matte-black-2-piece-oval-baker-set/s261062
72078038533,99.95,White,https://www.crateandbarrel.com/staub-8.5-white-enameled-cast-iron-traditional-deep-skillet/s245784
11644896683,999.95,Silver,https://www.crateandbarrel.com/all-clad-d5-10-piece-cookware-set/s194664
72078023362,59.99,Blue,https://www.crateandbarrel.com/staub-dark-blue-2-piece-oval-baker-set/s261049
71981268521,67.99,Clear,https://www.crateandbarrel.com/oxo-pop-8-piece-airtight-baking-container-set/s444406
,79.95,White,https://www.crateandbarrel.com/le-creuset-heritage-9-white-pie-dishes-set-of-2/s240267
35886423926,99.95,Black,https://www.crateandbarrel.com/henckels-classic-precision-starter-3-piece-knife-set/s646081
24147308058,219.95,Red,https://www.crateandbarrel.com/le-creuset-3.75-qt.-cerise-enameled-cast-iron-covered-oval-casserole-dish/s383923
35886379926,299.95,Black,https://www.crateandbarrel.com/zwilling-four-star-8-piece-birch-knife-block-set/s279833
43251188079,25.95,Purple,https://www.crateandbarrel.com/le-creuset-7-oz.-shallot-round-ramekins-set-of-2/s160697
72078037734,99.95,Black,https://www.crateandbarrel.com/staub-8.5-matte-black-enameled-cast-iron-traditional-deep-skillet/s245803
85003491907,79.95,Silver,https://www.crateandbarrel.com/melitta-precision-pour-stainless-steel-electric-kettle/s628197
19812685021,15.99,Clear,https://www.crateandbarrel.com/oxo-pop-1.7-qt.-rectangular-airtight-food-storage-container/s289432
72078039493,59.99,Brown,https://www.crateandbarrel.com/staub-sesame-2-piece-rectangular-baking-dish-set/s524488
86279179500,49.95,Silver,https://www.crateandbarrel.com/cuisinart-chefs-classic-21-stainless-steel-roasting-pan-with-rack/s140065
72078039264,99.95,Brown,https://www.crateandbarrel.com/staub-8.5-sesame-enameled-cast-iron-traditional-deep-skillet/s480554
11644920623,159.95,Silver,https://www.crateandbarrel.com/all-clad-simply-strain-8-qt.-stainless-steel-multipot-with-insert/s313277
35886016708,159.95,Black,https://www.crateandbarrel.com/zwilling-four-star-steak-knives-set-of-4/s212411
,225.00,Green,https://www.crateandbarrel.com/le-creuset-heritage-thyme-5-piece-stoneware-bakeware-set/s314713
22356610278,59.95,White,https://www.crateandbarrel.com/ninja-blast-white-portable-blender/s636042
10591084167,2.97,,https://www.crateandbarrel.com/crate-and-barrel-black-silicone-and-stainless-steel-jar-scraper/s441512
72078036843,199.95,Black,https://www.crateandbarrel.com/staub-matte-black-cast-iron-5-qt.-essential-french-oven/s663849
02293133980,340.00,Blue,https://www.crateandbarrel.com/wusthof-gourmet-blue-10-piece-knife-block-set/s273283
35886323950,69.99,White,https://www.crateandbarrel.com/staub-white-round-mini-cocottes-set-of-3/s664481
72078035693,169.99,Green,https://www.crateandbarrel.com/staub-5-piece-eucalyptus-green-ceramic-baking-dish-set/s159851
72078037871,99.95,Green,https://www.crateandbarrel.com/staub-8.5-eucalytpus-enameled-cast-iron-traditional-deep-skillet/s244771
86279019349,47.95,Silver,https://www.crateandbarrel.com/cuisinart-chefs-classic-stainless-steel-14-stir-fry-pan-with-helper-handle-and-glass-cover/s424347
72078007065,299.95,White,https://www.crateandbarrel.com/staub-7-qt-white-cocotte/s260314
11644901332,139.95,Silver,https://www.crateandbarrel.com/all-clad-d3-stainless-10-fry-pan-with-lid/s151802
72078016920,59.99,Off White,https://www.crateandbarrel.com/staub-rustic-ivory-2-piece-rectangular-baker-set/s260891
72078035501,169.99,White,https://www.crateandbarrel.com/staub-ceramics-white-5-piece-bakeware-set/s639413
,15.95,Green/White,https://www.crateandbarrel.com/dash-stripe-pendula-green-organic-cotton-dish-towels-set-of-2/s357465
35886415648,299.95,Brown,https://www.crateandbarrel.com/zwilling-four-star-8-piece-acacia-knife-set/s182309
22356609401,59.95,Blue,https://www.crateandbarrel.com/ninja-blast-denim-blue-portable-blender/s636085
72078000370,299.95,Black,https://www.crateandbarrel.com/staub-7-qt-matte-black-cocotte/s258861
72078039882,199.95,Brown,https://www.crateandbarrel.com/staub-sesame-4.5-qt.-perfect-pan/s107958
19812684970,12.99,,https://www.crateandbarrel.com/oxo-pop-0.8-qt.-small-airtight-food-storage-container/s110978
72078015640,199.95,Black,https://www.crateandbarrel.com/staub-matte-black-4.5-qt.-perfect-pan/s259424
72078024093,169.99,White,https://www.crateandbarrel.com/staub-white-4-piece-baking-set/s260663
43251181339,134.95,Purple,https://www.crateandbarrel.com/le-creuset-heritage-shallot-rectangular-baking-dishes-set-of-3/s100006
11644920630,179.95,Silver,https://www.crateandbarrel.com/all-clad-simply-strain-12-qt.-stainless-steel-multipot-with-insert/s313314
,52.95,Blue,https://www.crateandbarrel.com/crate-and-barrel-green-silicone-and-wood-utensils-set-of-4/s239045
72078023355,59.99,White,https://www.crateandbarrel.com/staub-white-2-piece-oval-baker-set/s261052
85837033540,31.95,,https://www.crateandbarrel.com/greenpan-8-titanium-chefs-knife/s346872
72078035518,169.99,Black,https://www.crateandbarrel.com/staub-ceramics-matte-black-5-piece-bakeware-set/s639455
62235660715,139.95,Blue,https://www.crateandbarrel.com/shark-messmaster-portable-wet-dry-vacuum/s222041
72078039578,199.95,Red,https://www.crateandbarrel.com/staub-grenadine-cast-iron-5-qt.-essential-french-oven/s663951
35886643300,149.95,Silver,https://www.crateandbarrel.com/zwilling-enfinigy-silver-glass-12-cup-coffee-maker/s628201
72078039547,199.95,White,https://www.crateandbarrel.com/staub-white-cast-iron-5-qt.-essential-french-oven/s663876
,9.97,,https://www.crateandbarrel.com/bistro-indigo-organic-cotton-half-apron/s587565
86279098160,89.95,Brown,https://www.crateandbarrel.com/cuisinart-triple-rivet-15-piece-knife-block-set/s181650
72078016951,59.99,Blue,https://www.crateandbarrel.com/staub-rustic-turquoise-2-piece-rectangular-baker-set/s260882
72078033941,119.99,Blue,https://www.crateandbarrel.com/staub-dark-blue-rectangular-bakers-set-of-3/s243601
19812684925,18.99,Clear,https://www.crateandbarrel.com/oxo-pop-2.8-qt.-square-airtight-food-storage-container/s289522
63562672191,9.97,,https://www.crateandbarrel.com/trudeau-9-round-silicone-cake-pan/s214377
72078039509,199.95,Pink,https://www.crateandbarrel.com/staub-peony-pink-cast-iron-5-qt.-essential-french-oven/s673499
43251192984,79.95,Red,https://www.crateandbarrel.com/le-creuset-heritage-9-cerise-pie-dishes-set-of-2/s240465
24147343172,219.95,Pink,https://www.crateandbarrel.com/le-creuset-3.75-qt.-shallot-enameled-cast-iron-covered-oval-casserole-dish/s383831
,9.97,,https://www.crateandbarrel.com/bistro-black-organic-cotton-half-apron/s587546
11644012229,199.99,Silver,https://www.crateandbarrel.com/all-clad-d5-brushed-stainless-steel-4-qt.-soup-pot-with-lid/s194892
35886323943,69.99,Blue,https://www.crateandbarrel.com/staub-dark-blue-round-mini-cocottes-set-of-3/s664466
72078039363,119.99,Blue,https://www.crateandbarrel.com/staub-macaron-light-blue-3-piece-rectangular-stoneware-baking-dish-set/s105726
72078039837,199.95,Pink,https://www.crateandbarrel.com/staub-peony-pink-cast-iron-4.5-qt.-perfect-pan/s673488
24147343844,219.95,Green,https://www.crateandbarrel.com/le-creuset-3.75-qt.-thyme-enameled-cast-iron-covered-oval-casserole-dish/s384233
22356666268,99.95,Grey,https://www.crateandbarrel.com/shark-flexbreeze-hydrogo-misting-portable-fan-in-dark-grey/s476867
72078000219,369.95,Black,https://www.crateandbarrel.com/staub-4-qt-matte-black-cocotte/s258716
24147342298,164.95,Blue,https://www.crateandbarrel.com/le-creuset-2.25-qt.-nuit-enameled-cast-iron-braiser-with-glass-lid/s111232
72078023386,59.99,Red,https://www.crateandbarrel.com/staub-cherry-2-piece-oval-baker-set/s260705
85609020747,699.95,Purple,https://www.crateandbarrel.com/dyson-360-vis-nav-robot-vacuum-cleaner/s257101
22356637596,299.95,Grey,https://www.crateandbarrel.com/shark-detect-clean-stick-vacuum/s417085
24147342571,299.95,Green,https://www.crateandbarrel.com/le-creuset-signature-8-qt.-olive-enameled-cast-iron-oval-dutch-oven/s629781
22356590822,219.95,Black,https://www.crateandbarrel.com/ninja-foodi-smart-6-in-1-xl-indoor-grill/s379051
72078038113,99.95,Orange,https://www.crateandbarrel.com/staub-8.5-citron-deep-skillet/s244799
02293119601,275.00,Silver,https://www.crateandbarrel.com/wusthof-gourmet-10-piece-acacia-knife-block-set/s503772
86279209313,109.95,Silver,https://www.crateandbarrel.com/cuisinart-15-piece-stainless-steel-hollow-handle-cutlery-block-set-with-acacia-block/s638758
72078039585,199.95,Purple,https://www.crateandbarrel.com/staub-lilac-cast-iron-5-qt.-essential-french-oven/s663706
86279184054,119.95,Black,https://www.crateandbarrel.com/cuisinart-elite-15-piece-stainless-steel-knife-block-set/s118407
50034919010,199.95,White,https://www.crateandbarrel.com/melitta-vision-white-12-cup-drip-coffee-maker/s380549
43251192687,79.95,Blue,https://www.crateandbarrel.com/le-creuset-chambray-fluted-ceramic-pie-dish-and-loaf-pan-set/s254559
43251192632,79.95,Red,https://www.crateandbarrel.com/le-creuset-cerise-fluted-ceramic-pie-dish-and-loaf-pan-set/s254507
86279179524,49.95,Silver,https://www.crateandbarrel.com/cuisinart-chefs-classic-6-qt.-stainless-steel-pasta-pot-with-straining-cover/s140011
86279090423,89.95,Brown,https://www.crateandbarrel.com/cuisinart-classic-triple-rivet-15-piece-knife-block-set/s674546
72078033675,119.99,Blue,https://www.crateandbarrel.com/staub-turquoise-rectangular-bakers-set-of-3/s361202
72078015664,199.95,Red,https://www.crateandbarrel.com/staub-matte-grenadine-4.5-qt.-perfect-pan/s259549
72078034641,599.95,Blue,https://www.crateandbarrel.com/staub-dark-blue-4-piece-stackable-cookware-set/s532647
86279051691,64.95,Silver,https://www.crateandbarrel.com/cuisinart-multi-clad-pro-tri-ply-stainless-steel-4-qt.-saucepan-with-lid/s424254
11644918217,219.95,Silver,https://www.crateandbarrel.com/all-clad-d3-curated-non-stick-frying-pans-set-of-2-8-and-10/s351142
72078027919,199.95,Grey,https://www.crateandbarrel.com/staub-white-truffle-4.5-qt.-perfect-pan/s569809
35886542290,129.95,Black,https://www.crateandbarrel.com/zwilling-enfinigy-matte-black-personal-blender/s342260
43251192625,79.95,White,https://www.crateandbarrel.com/le-creuset-white-fluted-ceramic-pie-dish-and-loaf-pan-set/s254577
96592000846,339.95,Black,https://www.crateandbarrel.com/philips-baristina-black-espresso-machine/s556006
24147265009,299.95,Red,https://www.crateandbarrel.com/le-creuset-signature-8-qt.-cerise-enameled-cast-iron-oval-dutch-oven/s629884
19812685168,112.99,Clear,https://www.crateandbarrel.com/oxo-pop-10-piece-airtight-food-storage-container-set/s289850
,23.95,Black,https://www.crateandbarrel.com/hayes-3-slot-black-marble-soap-tray/s101147
72078016944,59.99,Red,https://www.crateandbarrel.com/staub-rustic-red-2-piece-rectangular-baker-set/s260879
72078015633,199.95,Grey,https://www.crateandbarrel.com/staub-graphite-4.5-qt.-perfect-pan/s259452
11644901318,149.95,Silver,https://www.crateandbarrel.com/all-clad-d3-stainless-12-fry-pan-with-lid/s154096
96592000877,429.95,White,https://www.crateandbarrel.com/philips-baristina-milky-white-espresso-machine-with-milk-frother/s558348
24147342380,299.95,Black,https://www.crateandbarrel.com/le-creuset-signature-8-qt.-licorice-enameled-cast-iron-oval-dutch-oven/s629873
72078036354,119.99,Black,https://www.crateandbarrel.com/staub-black-rectangular-baking-dishes-set-of-3/s261090
96592000839,339.95,White,https://www.crateandbarrel.com/philips-baristina-milky-white-espresso-machine/s555984
24147341512,299.95,White,https://www.crateandbarrel.com/le-creuset-signature-8-qt.-white-enameled-cast-iron-oval-dutch-oven/s630013
86279223289,39.95,Black,https://www.crateandbarrel.com/cuisinart-culinary-collection-10-skillet/s431433
72078003197,299.95,Green,https://www.crateandbarrel.com/staub-7-qt-basil-round-cocotte/s260217
35886544799,69.95,Brown,https://www.crateandbarrel.com/zwilling-standing-acacia-knife-block/s105241
,57.95,Clear,https://www.crateandbarrel.com/small-14-oz.-working-glasses-set-of-12/s643574
11644502270,149.95,Silver,https://www.crateandbarrel.com/all-clad-d3-stainless-steel-3-qt.-saucepan-with-lid/s315284
19812684918,21.99,Clear,https://www.crateandbarrel.com/oxo-pop-4-qt.-square-airtight-food-storage-container/s289466
35886079543,49.95,Black,https://www.crateandbarrel.com/zwilling-four-star-4-paring-knife/s279913
19812685151,54.99,,https://www.crateandbarrel.com/oxo-pop-5-piece-airtight-food-storage-container-set/s289870
22356637121,769.95,Black,https://www.crateandbarrel.com/shark-powerdetect-2-in-1-robot-vacuum-and-mop-with-nevertouch-pro-base/s494727
43251164622,25.95,Green,https://www.crateandbarrel.com/le-creuset-7-oz.-artichaut-round-ramekin-set-of-2/s160618
24147342199,164.95,Blue,https://www.crateandbarrel.com/le-creuset-2.25-qt.-marseille-enameled-cast-iron-braiser-with-glass-lid/s111072
24147341611,164.95,Grey,https://www.crateandbarrel.com/le-creuset-2.25-qt.-oyster-enameled-cast-iron-braiser-with-glass-lid/s111128
85837033526,39.95,,https://www.crateandbarrel.com/greenpan-2-piece-titanium-carving-knife-set/s346744
30870174251,160.00,,https://www.crateandbarrel.com/le-creuset-heritage-cerise-4.5-qt.-deep-covered-baker/s658517
72078038694,69.99,Yellow,https://www.crateandbarrel.com/staub-citron-mini-cocottes-set-of-3/s243697
22356564793,99.95,Silver,https://www.crateandbarrel.com/ninja-foodi-personal-blender-and-smoothie-bowl-maker/s329832
72078037932,299.95,Yellow,https://www.crateandbarrel.com/staub-7-qt.-citron-round-cocotte/s254865
86279244567,179.95,White,https://www.crateandbarrel.com/cuisinart-white-airfryer-toaster-oven-with-grill/s675895
22356637237,129.95,Black,https://www.crateandbarrel.com/shark-flex-breeze-indoor-outdoor-fan-with-mist/s546656
21614999993,153.95,White,https://www.crateandbarrel.com/nespresso-by-breville-white-vertuoplus-coffee-and-espresso-machine-with-aeroccino-frother/s343785
30870174244,160.00,,https://www.crateandbarrel.com/le-creuset-heritage-marseille-4.5-qt.-deep-covered-baker/s658562
72078037758,99.95,Red,https://www.crateandbarrel.com/staub-8.5-cherry-deep-skillet/s244782
72078037970,199.95,Yellow,https://www.crateandbarrel.com/staub-citron-cast-iron-5-qt.-essential-french-oven/s663713
02293114996,275.00,Brown,https://www.crateandbarrel.com/wusthof-gourmet-7-piece-in-drawer-knife-set/s230006
75536374536,49.95,,https://www.crateandbarrel.com/lodge-cast-iron-9x13-casserole-dish-with-silicone-grip/s276946
72078003180,299.95,Red,https://www.crateandbarrel.com/staub-7-qt-grenadine-round-cocotte/s261828
40595104406,535.96,Black,https://www.crateandbarrel.com/viking-hard-anodized-non-stick-10-piece-cookware-set/s207109
72078038762,59.99,Pink,https://www.crateandbarrel.com/staub-macaron-pastel-pink-rectangular-bakers-set-of-2/s300915
43251164554,25.95,Red,https://www.crateandbarrel.com/le-creuset-7-oz.-cerise-round-ramekin-set-of-2/s160585
24147341796,299.95,Pink,https://www.crateandbarrel.com/le-creuset-signature-8-qt.-peche-enameled-cast-iron-oval-dutch-oven/s629795
43251181230,79.95,Green,https://www.crateandbarrel.com/le-creuset-sea-salt-fluted-ceramic-pie-dish-and-loaf-pan-set/s254548
11644920647,199.95,Silver,https://www.crateandbarrel.com/all-clad-simply-strain-16-qt.-stainless-steel-multipot-with-insert/s313324
35886524722,249.95,,https://www.crateandbarrel.com/zwilling-enfinigy-silver-power-blender/s658934
24147342281,164.95,Pink,https://www.crateandbarrel.com/le-creuset-2.25-qt.-shallot-enameled-cast-iron-braiser-with-glass-lid/s111012
11644922542,219.95,Black,https://www.crateandbarrel.com/all-clad-d3-pro-stainless-non-stick-fry-pans-set-of-2/s268883
24147265016,299.95,Red,https://www.crateandbarrel.com/le-creuset-signature-8-qt.-flame-enameled-cast-iron-oval-dutch-oven/s629966
85003491906,249.95,,https://www.crateandbarrel.com/melitta-aroma-fresh-plus-10-cup-stainless-steel-drip-coffee-maker/s628188
19812685229,229.99,Clear,https://www.crateandbarrel.com/oxo-pop-20-piece-airtight-food-storage-container-set/s449726
01601006780,103.96,Brown,https://www.crateandbarrel.com/shun-kanso-6.5-hollow-ground-nakiri-knife/s467902
72078038717,119.99,Yellow,https://www.crateandbarrel.com/staub-citron-rectangular-bakers-set-of-3/s243742
72078038779,59.99,Blue,https://www.crateandbarrel.com/staub-macaron-pastel-blue-rectangular-bakers-set-of-2/s300906
24147342274,164.95,Red,https://www.crateandbarrel.com/le-creuset-2.25-qt.-flame-enameled-cast-iron-braiser-with-glass-lid/s111229
86279223708,29.95,Black,https://www.crateandbarrel.com/cuisinart-culinary-collection-1-qt.-saucepan-with-lid/s431449
35886408695,139.95,Black,https://www.crateandbarrel.com/zwilling-madura-plus-frying-pans-set-of-2/s175140
44387051507,174.97,Black,https://www.crateandbarrel.com/nespresso-by-delonghi-matte-black-vertuoplus-coffee-and-espresso-maker-with-aeroccino-frother/s462936
43251192946,79.95,Blue,https://www.crateandbarrel.com/le-creuset-heritage-9-marseille-pie-dishes-set-of-2/s240300
72078039592,199.95,Grey,https://www.crateandbarrel.com/staub-graphite-5-qt.-essential-french-oven/s663923
40595103720,127.96,Grey,https://www.crateandbarrel.com/viking-cast-iron-20-reversible-grill-griddle-pan-pre-seasoned/s392417
50026786736,195.00,,https://www.crateandbarrel.com/beast-blender-tonal-in-cloud-white/s123140
24147341765,299.95,Pink,https://www.crateandbarrel.com/le-creuset-signature-8-qt.-shallot-enameled-cast-iron-oval-dutch-oven/s629744
22356665940,139.95,White,https://www.crateandbarrel.com/shark-neverchange-air-purifier-compact-pro-in-dove/s476879
83421102430,149.95,Black,https://www.crateandbarrel.com/scanpan-professional-fry-pans-set-of-2/s355487
22356640558,229.95,Purple,https://www.crateandbarrel.com/shark-powerdetect-ultra-light-corded-stick-vacuum/s417078
35886643317,149.95,Black,https://www.crateandbarrel.com/zwilling-enfinigy-matte-black-glass-12-cup-coffee-maker/s628218
24147343219,219.95,Blue,https://www.crateandbarrel.com/le-creuset-3.75-qt.-chambray-enameled-cast-iron-covered-oval-casserole-dish/s384212
72078038571,99.95,Blue,https://www.crateandbarrel.com/staub-8.5-dark-blue-deep-skillet/s244852
86279072528,74.95,Black,https://www.crateandbarrel.com/cuisinart-stainless-steel-hollow-handle-15-piece-knife-block-set/s434633
86279051509,74.95,Silver,https://www.crateandbarrel.com/cuisinart-multi-clad-pro-tri-ply-stainless-steel-5.5-qt.-saute-pan-with-helper-handle-and-lid/s424236
85609040349,229.95,Grey,https://www.crateandbarrel.com/dyson-car-boat-handheld-vacuum/s280007
21614802040,132.97,Black,https://www.crateandbarrel.com/nespresso-by-breville-classic-black-vertuo-next-premium-coffee-and-espresso-machine/s144031
87276824239,399.99,Black,https://www.crateandbarrel.com/samsung-ultra-slim-3.1ch-wireless-dolby-atmos-soundbar-with-subwoofer/s415738
24147286479,299.95,Blue,https://www.crateandbarrel.com/le-creuset-signature-8-qt.-oyster-enameled-cast-iron-oval-dutch-oven/s630003
40595104383,135.96,Black,https://www.crateandbarrel.com/viking-hard-anodized-frying-pans-set-of-2/s280301
87276823959,749.99,White,https://www.crateandbarrel.com/samsung-ultra-slim-3.1.2ch.-wireless-dolby-atmos-white-soundbar-and-subwoofer-with-q-symphony/s415712
72078039356,119.99,Pink,https://www.crateandbarrel.com/staub-macaron-light-pink-3-piece-rectangular-stoneware-baking-dish-set/s105734
24147343189,219.95,Off White,https://www.crateandbarrel.com/le-creuset-3.75-qt.-cream-enameled-cast-iron-covered-oval-casserole-dish/s384226
86279084989,59.95,Silver,https://www.crateandbarrel.com/cuisinart-multi-clad-pro-tri-ply-stainless-steel-non-stick-10-x-18-double-burner-griddle/s424225
24147343226,219.95,Blue,https://www.crateandbarrel.com/le-creuset-3.75-qt.-nuit-enameled-cast-iron-covered-oval-casserole-dish/s384193
30870174220,160.00,,https://www.crateandbarrel.com/le-creuset-heritage-4.5-qt.-white-deep-covered-baker/s658580
72078038892,199.95,Blue,https://www.crateandbarrel.com/staub-dark-blue-cast-iron-5-qt.-essential-french-oven/s663942
24147311232,299.95,Blue,https://www.crateandbarrel.com/le-creuset-signature-8-qt.-marseille-enameled-cast-iron-oval-dutch-oven/s629976
72078015671,199.95,Blue,https://www.crateandbarrel.com/staub-dark-blue-4.5-qt.-perfect-pan/s259508
72078036164,299.95,Purple,https://www.crateandbarrel.com/staub-7-qt.-lilac-round-cocotte/s254795
43251192656,79.95,Blue,https://www.crateandbarrel.com/le-creuset-marseille-fluted-ceramic-pie-dish-and-loaf-pan-set/s254519
72078038786,59.99,Green,https://www.crateandbarrel.com/staub-macaron-pastel-green-rectangular-bakers-set-of-2/s300884
40136808794,349.00,Black,https://www.crateandbarrel.com/sonos-move-2-black-portable-bluetooth-smart-speaker/s559738
35886492502,119.95,Grey,https://www.crateandbarrel.com/zwilling-j.a.-henckels-clad-xtreme-ceramic-fry-pans-set-of-2/s468164
86279080233,89.95,,https://www.crateandbarrel.com/cuisinart-graphix-15-piece-knife-block-set/s181533
40136811022,299.00,Black,https://www.crateandbarrel.com/sonos-ace-black-wireless-headphones-with-noise-cancellation/s559785
86534000538,299.95,Black,https://www.crateandbarrel.com/rowenta-x-force-flex-12.60-cordless-stick-vacuum-cleaner/s171467
44387203005,349.97,Black,https://www.crateandbarrel.com/nespresso-black-vertuo-lattissima-espresso-machine-by-delonghi/s659438
22356675765,229.95,Grey,https://www.crateandbarrel.com/ninja-frostvault-30-qt.-wheeled-cooler-with-dry-zone-in-charcoal-grey/s473274
24147342137,164.95,Red,https://www.crateandbarrel.com/le-creuset-2.25-qt.-cerise-enameled-cast-iron-braiser-with-glass-lid/s111162
86279198952,119.95,Silver,https://www.crateandbarrel.com/cuisinart-multi-clad-pro-19-stainless-steel-roasting-pan-with-rack/s424215
96592000884,379.95,Black,https://www.crateandbarrel.com/philips-baristina-black-espresso-machine-with-milk-frother/s558356
72078026929,129.99,White,https://www.crateandbarrel.com/staub-white-3-piece-mixed-baking-dish-set/s361188
40136811015,299.00,White,https://www.crateandbarrel.com/sonos-ace-white-wireless-headphones-with-noise-cancellation/s559794
40136808787,349.00,White,https://www.crateandbarrel.com/sonos-move-2-white-portable-bluetooth-smart-speaker/s559759
75536345345,59.95,Black,https://www.crateandbarrel.com/lodge-chef-collection-skillets-set-of-2/s209331
22356676182,249.95,Off White,https://www.crateandbarrel.com/ninja-frostvault-45-qt.-wheeled-cooler-with-dry-zone-in-birch-beige/s473123
83421608017,499.95,Black,https://www.crateandbarrel.com/scanpan-professional-10-piece-cookware-set/s356396
72078038557,99.95,Grey,https://www.crateandbarrel.com/staub-8.5-graphite-grey-enameled-cast-iron-traditional-deep-skillet/s245793
24147342205,164.95,Green,https://www.crateandbarrel.com/le-creuset-2.25-qt.-artichaut-enameled-cast-iron-braiser-with-glass-lid/s111044
86279095541,119.95,Silver,https://www.crateandbarrel.com/cuisinart-15-piece-professional-series-knife-block-set/s393660
40136805823,179.00,White,https://www.crateandbarrel.com/sonos-era-100-white-next-gen-smart-speaker/s559774
87276751351,599.99,White,https://www.crateandbarrel.com/samsung-the-freestyle-2nd-gen-projector-with-gaming-hub/s476855
21614802118,181.97,Silver,https://www.crateandbarrel.com/nespresso-by-breville-vertuo-next-dark-chrome-coffee-and-espresso-machine-with-aeroccino-frother/s217578
35886542238,99.95,Black,https://www.crateandbarrel.com/zwilling-enfinigy-matte-black-2-slice-toaster/s342375
72078026912,129.99,Red,https://www.crateandbarrel.com/staub-cherry-3-piece-mixed-baking-dish-set/s361161
40136811091,139.00,White,https://www.crateandbarrel.com/sonos-roam-2-white-portable-waterproof-bluetooth-smart-speaker/s559723
35886392819,349.95,Natural,https://www.crateandbarrel.com/zwilling-gourmet-14-piece-knife-set/s240861
22356602020,99.95,Black,https://www.crateandbarrel.com/ninja-pods-and-grounds-specialty-single-serve-coffee-maker/s635967
40595107322,799.96,Black,https://www.crateandbarrel.com/viking-11-piece-cookware-set-with-copper-handles/s280288
86534000545,399.95,Black,https://www.crateandbarrel.com/rowenta-x-force-flex-14.60-cordless-stick-vacuum-cleaner/s171503
35886423940,249.95,Black,https://www.crateandbarrel.com/henckels-classic-precision-16-piece-knife-block-set/s492481
72078025571,149.95,Red,https://www.crateandbarrel.com/staub-12-grenadine-enameled-cast-iron-square-grill-pan/s259639
83421184085,899.95,Black,https://www.crateandbarrel.com/scanpan-haptiq-10-piece-cookware-set/s478972
35886660888,99.95,White,https://www.crateandbarrel.com/zwilling-enfinigy-matte-white-2-slice-toaster/s642506
43251197934,79.95,Grey,https://www.crateandbarrel.com/le-creuset-heritage-9-oyster-pie-dishes-set-of-2/s240347
72078039608,199.95,Green,https://www.crateandbarrel.com/staub-turquoise-cast-iron-5-qt.-essential-french-oven/s663722
24147341628,164.95,White,https://www.crateandbarrel.com/le-creuset-2.25-qt.-white-enameled-cast-iron-braiser-with-glass-lid/s111037
86279223739,74.95,Black,https://www.crateandbarrel.com/cuisinart-culinary-collection-4.5-qt.-saute-pan-with-helper-handle-and-lid/s431421
35886524739,99.95,Silver,https://www.crateandbarrel.com/zwilling-enfinigy-silver-2-slice-toaster/s659032
72078003784,299.95,Grey,https://www.crateandbarrel.com/staub-7-qt-graphite-round-cocotte/s260518
,129.99,White,https://www.crateandbarrel.com/zwilling-enfinigy-white-salt-and-pepper-mill-set/s474793
22356676588,229.95,Off White,https://www.crateandbarrel.com/ninja-frostvault-30-qt.-wheeled-cooler-with-dry-zone-in-birch-beige/s473167
40595106523,663.96,Gold,https://www.crateandbarrel.com/viking-copper-hammered-10-piece-cookware-set/s280312
40595102754,823.96,Black,https://www.crateandbarrel.com/viking-5-ply-hard-anodized-10-piece-cookware-set-with-stainless-steel-interiors/s280358
72078039554,199.95,White,https://www.crateandbarrel.com/staub-white-truffle-cast-iron-5-qt.-essential-french-oven/s663769
43691253804,244.95,,https://www.crateandbarrel.com/global-classic-3-piece-knife-set/s136382
35886542283,249.95,Black,https://www.crateandbarrel.com/zwilling-enfinigy-matte-black-power-blender/s342162
72078037772,99.95,Purple,https://www.crateandbarrel.com/staub-8.5-lilac-enameled-cast-iron-traditional-deep-skillet/s244822
40595108671,207.96,,https://www.crateandbarrel.com/viking-17.5-stainless-steel-roasting-pan-with-rack-and-thermometer-set/s629747
35886292898,249.95,Black,https://www.crateandbarrel.com/zwilling-pro-steak-knifes-set-of-4/s212437
86279130501,299.95,Silver,https://www.crateandbarrel.com/cuisinart-digital-airfryer-toaster-oven/s326482
40595108329,823.96,Gold,https://www.crateandbarrel.com/viking-copper-clad-4-ply-contemporary-9-piece-cookware-set/s614619
62235663762,399.95,Grey,https://www.crateandbarrel.com/shark-cordless-powerdetect-clean-and-empty-system/s391543
40595101405,495.96,Silver,https://www.crateandbarrel.com/viking-contemporary-7-piece-set/s640418
83421184122,199.95,Black,https://www.crateandbarrel.com/scanpan-haptiq-frying-pans-set-of-2/s478878
72078024079,169.99,Red,https://www.crateandbarrel.com/staub-cherry-4-piece-baking-set/s353063
21614802095,167.97,Black,https://www.crateandbarrel.com/nespresso-by-breville-classic-black-vertuo-next-premium-coffee-and-espresso-machine-with-aeroccino-frother/s144028
30870136099,44.76,Blue,https://www.crateandbarrel.com/le-creuset-heritage-caribbean-ceramic-loaf-pan/s504654
57561008866,119.95,Silver,https://www.crateandbarrel.com/instant-vortex-plus-6-quart-basket-air-fryer/s491614
72078024086,169.99,Blue,https://www.crateandbarrel.com/staub-dark-blue-4-piece-baking-set/s353073
22356610254,329.95,White,https://www.crateandbarrel.com/shark-neverchange-air-purifier-max/s295595
35886376314,99.95,Black,https://www.crateandbarrel.com/zwilling-5.5-serrated-prep-knife-four-star/s420575
40291505668,99.95,,https://www.crateandbarrel.com/cangshan-4-piece-pakkawood-steak-knife-set-in-presentation-box/s427857
,49.95,White,https://www.crateandbarrel.com/geranium-bergamot-hand-soap-lotion-and-dish-soap-set-with-matte-black-caddy/s433854
83421605276,129.96,Black,https://www.crateandbarrel.com/scanpan-professional-grill-pan/s356121
72078038755,139.99,,https://www.crateandbarrel.com/staub-pastels-6-piece-ceramic-mini-cocottes-set/s525794
43251192694,79.95,Grey,https://www.crateandbarrel.com/le-creuset-oyster-fluted-ceramic-pie-dish-and-loaf-pan-set/s254527
44387001557,139.97,Black,https://www.crateandbarrel.com/nespresso-by-delonghi-black-vertuoplus-deluxe-coffee-and-espresso-machine/s463617
87171044361,103.96,Brown,https://www.crateandbarrel.com/shun-kanso-8-chefs-knife/s663375
01601007305,111.96,,https://www.crateandbarrel.com/shun-kazahana-7-santoku-knife/s192364
,139.95,Black,https://www.crateandbarrel.com/all-clad-ha1-curated-fry-pans-set-of-3/s647430
13803795983,349.95,,https://www.crateandbarrel.com/global-classic-5-piece-masuta-knife-block-set/s479770
72078039370,119.99,Green,https://www.crateandbarrel.com/staub-macaron-light-green-3-piece-rectangular-stoneware-baking-dish-set/s105718
01601003567,71.96,,https://www.crateandbarrel.com/shun-kazahana-3.5-paring-knife/s192335
50026786712,195.00,,https://www.crateandbarrel.com/beast-blender-tonal-in-carbon-black/s123154
87171063898,295.96,,https://www.crateandbarrel.com/shun-kazahana-5-piece-knife-block-set/s301749
,244.95,Silver,https://www.crateandbarrel.com/crate-and-barrel-stainless-utensils-set-of-8/s473946
87171044354,75.96,Brown,https://www.crateandbarrel.com/shun-kanso-6-utility-knife/s663796
,49.95,White,https://www.crateandbarrel.com/lavender-eucalyptus-hand-soap-lotion-and-dish-soap-4-piece-kitchen-set/s433844
02293134116,285.00,Blue,https://www.crateandbarrel.com/wusthof-classic-color-wild-blueberry-4.5-steak-knives-set-of-4/s516792
40136811107,139.00,Black,https://www.crateandbarrel.com/sonos-roam-2-black-portable-waterproof-bluetooth-smart-speaker/s559715
44387303002,349.97,White,https://www.crateandbarrel.com/nespresso-white-vertuo-lattissima-espresso-machine-by-delonghi/s659427
,164.95,Natural,https://www.crateandbarrel.com/crate-and-barrel-olivewood-utensils-set-of-5/s645741
02293118741,250.00,Grey,https://www.crateandbarrel.com/wusthof-gourmet-grey-7-piece-knife-block-set/s390527
35886079628,99.95,Black,https://www.crateandbarrel.com/zwilling-four-star-8-chefs-knife/s279952
35886415631,369.95,Brown,https://www.crateandbarrel.com/zwilling-pro-7-piece-acacia-knife-block-set/s182330
40136805830,179.00,Black,https://www.crateandbarrel.com/sonos-era-100-black-next-gen-smart-speaker/s559763
01601006926,259.96,Brown,https://www.crateandbarrel.com/shun-kanso-4-piece-steak-knife-set/s467927
,129.99,White/Black,https://www.crateandbarrel.com/zwilling-enfinigy-salt-and-pepper-mills-set/s474761
01601003581,111.96,,https://www.crateandbarrel.com/shun-kazahana-9-bread-knife/s192380
02293133973,250.00,Blue,https://www.crateandbarrel.com/wusthof-gourmet-blue-7-piece-knife-block-set/s273053
72078025564,149.95,Green,https://www.crateandbarrel.com/staub-12-basil-enameled-cast-iron-square-grill-pan/s245722
22356647465,299.95,White,https://www.crateandbarrel.com/shark-clean-and-empty-cordless-stick-vacuum-and-auto-empty-system/s636859
87171044378,103.96,Brown,https://www.crateandbarrel.com/shun-kanso-7-hollow-ground-santoku-knife/s663499
01601003574,79.96,,https://www.crateandbarrel.com/shun-kazahana-6-utility-knife/s192347
11644914578,189.95,Silver,https://www.crateandbarrel.com/all-clad-d3-stainless-steel-kitchen-helper-2-piece-set/s265016
87171044385,95.96,Brown,https://www.crateandbarrel.com/shun-kanso-5.5-hollow-ground-santoku-knife/s663617
,59.95,Blue/Clear,https://www.crateandbarrel.com/crate-and-barrel-slate-blue-4-piece-bakeware-set-with-lids/s399675
75536850429,129.95,Black,https://www.crateandbarrel.com/lodge-blacklock-10.25-and-12-seasoned-cast-iron-skillets-set-of-2/s610777
11644896638,499.95,Silver,https://www.crateandbarrel.com/all-clad-d5-brushed-stainless-steel-5-piece-cookware-set/s452654
30870350914,599.95,Black,https://www.crateandbarrel.com/le-creuset-essential-ceramic-non-stick-10-piece-cookware-set/s301985
,49.95,White,https://www.crateandbarrel.com/fig-amber-hand-soap-lotion-and-dish-soap-set-with-matte-black-caddy/s433828
02293106199,120.00,Black,https://www.crateandbarrel.com/wusthof-gourmet-black-steak-knives-set-of-4/s502108
,39.95,White,https://www.crateandbarrel.com/lavender-eucalyptus-hand-soap-and-lotion-3-piece-kitchen-set/s433442
02293132488,185.00,,https://www.crateandbarrel.com/wusthof-classic-color-himalayan-salt-pink-2-piece-knife-set/s240911
02293114392,470.00,White,https://www.crateandbarrel.com/wusthof-classic-white-7-piece-knife-block-set/s487621
,799.95,Silver,https://www.crateandbarrel.com/all-clad-d5-brushed-stainless-steel-7-piece-cookware-set/s647445
35886492519,499.95,Grey,https://www.crateandbarrel.com/zwilling-j.a.-henckels-clad-xtreme-ceramic-10-piece-set/s468331
02293135496,470.00,Grey,https://www.crateandbarrel.com/wusthof-classic-color-velvet-oyster-grey-7-piece-knife-block-set/s559267
02293132457,185.00,,https://www.crateandbarrel.com/wusthof-classic-color-velvet-oyster-grey-2-piece-knife-set/s241072
02293132471,185.00,,https://www.crateandbarrel.com/wusthof-classic-color-coral-peach-2-piece-knife-set/s240962
11644914998,799.95,Silver,https://www.crateandbarrel.com/all-clad-d3-curated-10-piece-set/s516496
,39.95,Clear,https://www.crateandbarrel.com/clear-glass-bowl-with-lid-set-of-12/s380520
11644502768,799.95,Silver,https://www.crateandbarrel.com/all-clad-stainless-10-piece-cookware-set/s630411
02293130750,285.00,Grey,https://www.crateandbarrel.com/wusthof-classic-color-velvet-oyster-4.5-steak-knives-set-of-4/s352077
02293106144,160.00,Black,https://www.crateandbarrel.com/wusthof-gourmet-black-3-piece-starter-knife-set/s575231
01601006872,103.96,Brown,https://www.crateandbarrel.com/shun-kanso-9-bread-knife/s467867
,72.95,Black,https://www.crateandbarrel.com/crate-and-barrel-black-silicone-and-stainless-utensil-set-of-4/s129673
,49.95,White,https://www.crateandbarrel.com/lemon-zest-tangerine-hand-soap-lotion-and-dish-soap-set-with-matte-black-caddy/s433645
63562661485,9.97,,https://www.crateandbarrel.com/trudeau-8-x-8-square-silicone-cake-pan/s214368
,49.95,White,https://www.crateandbarrel.com/sea-salt-citron-hand-soap-lotion-and-dish-soap-set-with-matte-black-caddy/s391437
,39.95,White,https://www.crateandbarrel.com/geranium-bergamot-hand-soap-and-lotion-set-with-matte-black-caddy/s433476
02993130699,285.00,Orange,https://www.crateandbarrel.com/wusthof-classic-color-coral-peach-4.5-steak-knives-set-of-4/s352113
02293132495,185.00,,https://www.crateandbarrel.com/wusthof-classic-color-tasty-sumac-red-2-piece-knife-set/s240932
24147341079,299.95,Red,https://www.crateandbarrel.com/le-creuset-signature-8-qt.-rhone-enameled-cast-iron-oval-dutch-ove/s629667
85837029833,229.95,Silver,https://www.crateandbarrel.com/crate-and-barrel-evencook-core-10-and-12-ceramic-non-stick-fry-pan-set/s400634
,64.95,White,https://www.crateandbarrel.com/sea-salt-citron-hand-soap-lotion-and-candle-set-with-matte-black-caddy/s391450
02293119533,580.00,Silver,https://www.crateandbarrel.com/wusthof-classic-9-piece-acacia-wood-knife-block-set/s502878
02293119526,340.00,Silver,https://www.crateandbarrel.com/wusthof-classic-6-piece-acacia-knife-block-set/s502846
02293114408,285.00,White,https://www.crateandbarrel.com/wusthof-classic-white-steak-knives-set-of-4/s487615
,129.99,Black,https://www.crateandbarrel.com/zwilling-enfinigy-black-salt-and-pepper-mill-set/s474824
02293120782,175.00,Black,https://www.crateandbarrel.com/wusthof-classic-black-2-piece-prep-knife-set/s487601
,39.95,White,https://www.crateandbarrel.com/lemon-zest-tangerine-hand-soap-and-lotion-3-piece-kitchen-set/s433298
02293121109,480.00,White,https://www.crateandbarrel.com/wusthof-gourmet-white-16-piece-knife-block-set/s108703
35886540982,94.95,Black,https://www.crateandbarrel.com/henckels-classic-precision-2-piece-set/s113800
85837029826,189.95,Silver,https://www.crateandbarrel.com/crate-and-barrel-evencook-core-8-and-10-ceramic-non-stick-fry-pan-set/s400608
30870273442,649.95,Black,https://www.crateandbarrel.com/le-creuset-toughened-non-stick-pro-10-piece-cookware-set/s662451
02293119656,600.00,Silver,https://www.crateandbarrel.com/wusthof-classic-ikon-8-piece-acacia-knife-block-set/s503042
02293106182,180.00,Black,https://www.crateandbarrel.com/wusthof-gourmet-black-steak-knives-set-of-6/s603807
02293116679,830.00,White,https://www.crateandbarrel.com/wusthof-classic-white-12-piece-knife-block-set/s487667
35886524883,129.95,Silver,https://www.crateandbarrel.com/zwilling-enfinigy-silver-personal-blender/s658992
,39.95,White,https://www.crateandbarrel.com/sea-salt-citron-hand-soap-and-lotion-set-with-matte-black-caddy/s391423
02293119687,1365.00,Black,https://www.crateandbarrel.com/wusthof-classic-ikon-15-piece-acacia-knife-block-set/s150413
,240.00,Black,https://www.crateandbarrel.com/wusthof-gourmet-black-steak-knives-set-of-8/s412416
10591084082,19.95,Black/Silver,https://www.crateandbarrel.com/crate-and-barrel-black-silicone-and-stainless-steel-9.5-whisk/s441608
02293132464,185.00,,https://www.crateandbarrel.com/wusthof-classic-color-purple-yam-2-piece-knife-set/s240953
86279027283,74.95,Grey,https://www.crateandbarrel.com/cuisinart-greengourmet-non-stick-wok-with-lid/s346009
,39.95,White,https://www.crateandbarrel.com/fig-amber-hand-soap-and-lotion-set-with-matte-black-caddy/s433402
02293130682,285.00,Purple,https://www.crateandbarrel.com/wusthof-classic-color-purple-yam-4.5-steak-knives-set-of-4/s352161
02293119649,415.00,Silver,https://www.crateandbarrel.com/wusthof-classic-ikon-6-piece-acacia-knife-block-set/s502892
85837029888,559.95,Silver,https://www.crateandbarrel.com/crate-and-barrel-evencook-core-8-piece-stainless-steel-cookware-set-with-ceramic-non-stick-frying-pans/s545934
02293107165,295.00,Black,https://www.crateandbarrel.com/wusthof-classic-black-3-piece-starter-set/s574951
02293113852,465.00,Brown,https://www.crateandbarrel.com/wusthof-gourmet-16-piece-acacia-knife-block-set/s119189
35886390150,79.95,Black,https://www.crateandbarrel.com/zwilling-gourmet-8-chefs-knife/s466248
02293120836,435.00,,https://www.crateandbarrel.com/wusthof-classic-7-piece-knife-block-set/s110046
00229132907,180.00,White,https://www.crateandbarrel.com/wusthof-gourmet-white-steak-knives-set-of-6/s145593
02293120621,215.00,Black,https://www.crateandbarrel.com/wusthof-classic-ikon-2-piece-prep-knife-set/s487499
02293121000,120.00,White,https://www.crateandbarrel.com/wusthof-gourmet-white-steak-knives-set-of-4/s390386
87171041797,419.95,Brown,https://www.crateandbarrel.com/shun-premier-3-piece-starter-set/s467631
02293119540,730.00,Silver,https://www.crateandbarrel.com/wusthof-classic-11-piece-acacia-knife-block-set/s502887
87276823942,749.99,Black,https://www.crateandbarrel.com/samsung-ultra-slim-3.1.2ch.-wireless-dolby-atmos-black-soundbar-and-subwoofer-with-q-symphony/s415724
02293119663,930.00,Silver,https://www.crateandbarrel.com/wusthof-classic-ikon-11-piece-acacia-knife-block-set/s503470
10591084068,22.95,Black/Silver,https://www.crateandbarrel.com/crate-and-barrel-black-silicone-and-stainless-steel-12-whisk/s441624
11644918118,449.95,Silver,https://www.crateandbarrel.com/all-clad-d3-curated-5-piece-cookware-set/s351640
,79.95,,https://www.crateandbarrel.com/dalkin-co-seasonings-set-of-4/s317611
02293119564,995.00,Black,https://www.crateandbarrel.com/wusthof-classic-15-piece-acacia-knife-block-set/s150446
