Price,UPC,Quantity,Source
$4.99,'035051526674,,https://shop.mgae.com/collections/all-1/products/cartuned-series-3-1957-chevy-bel-air-custom-red
$4.99,'035051526681,,https://shop.mgae.com/collections/all-1/products/cartuned-series-3-1987-chevy-c10-lowrider-kandy-blue
$4.99,'035051526698,,https://shop.mgae.com/collections/all-1/products/cartuned-series-3-1969-chevy-camaro-muscle-white
$4.99,'035051560142,,https://shop.mgae.com/collections/all-1/products/moj-moj-pop-series-1
$4.99,'035051526704,,https://shop.mgae.com/collections/all-1/products/cartuned-series-3-1969-chevy-k5-blazer-lowrider-kandy-purple
$4.99,'035051560029,,https://shop.mgae.com/collections/all-1/products/moj-moj-crunch-series-1
$4.99,'035051526711,,https://shop.mgae.com/collections/all-1/products/cartuned-series-3-1987-chevy-c10-custom-m-tan
$4.99,'035051526728,,https://shop.mgae.com/collections/all-1/products/cartuned-series-3-1957-chevy-bel-air-lowrider-kandy-green
$4.99,'035051526735,39,https://shop.mgae.com/collections/all-1/products/cartuned-series-3-1963-chevy-corvette-stingray-pro-street-m-orange
$5.99,'035051557760,19,https://shop.mgae.com/collections/all-1/products/lol-surprise-playing-cards-pets
$5.99,'035051542605,,https://shop.mgae.com/collections/all-1/products/lol-surprise-eye-spy-baby-sisters
$5.99,'035051557784,11,https://shop.mgae.com/collections/all-1/products/lol-surprise-playing-cards-lil-sisters
$5.99,'035051526476,,https://shop.mgae.com/collections/all-1/products/yummiland-num-nom-scent-roller
$6.99,'035051533283,,https://shop.mgae.com/collections/all-1/products/mgas-miniverse-make-it-mini-food-cafe-series-3-mini-collectibles
$5.99,'035051546689,,https://shop.mgae.com/collections/all-1/products/yummiland-num-noms-body-scent-series-2
$4.99,'035051526667,,https://shop.mgae.com/collections/all-1/products/cartuned-series-3-1964-chevy-impala-lowrider-yellow
$7.99,'035051521686,35,https://shop.mgae.com/collections/all-1/products/rainbow-high-fashion-pack-ballet-recital
$4.99,'035051565802,,https://shop.mgae.com/collections/all-1/products/l-ol-surprise-tiny-toys-1
$4.99,'035051515760,,https://shop.mgae.com/collections/all-1/products/lol-surprise-mermaids-baby-sisters
$6.99,'035051534167,,https://shop.mgae.com/collections/all-1/products/mgas-miniverse-make-it-mini-lifestyle-home-series-1
$4.99,'035051513674,,https://shop.mgae.com/collections/all-1/products/cartuned-series-1-1964-chevy-impala-lowrider-diecast-vehicle
$4.99,'035051593911,,https://shop.mgae.com/collections/all-1/products/cartuned-series-1-1957-chevy-bel-air-pro-street
$7.99,'035051514527,,https://shop.mgae.com/collections/all-1/products/mgas-miniverse-mini-uv-flashlight
$4.99,'035051513704,,https://shop.mgae.com/collections/all-1/products/cartuned-series-1-1956-chevy-nomad-lowrider-black
$4.99,'035051513681,,https://shop.mgae.com/collections/all-1/products/cartuned-series-1-1947-chevy-fleetline-black
$4.99,'035051513728,,https://shop.mgae.com/collections/all-1/products/cartuned-series-1-1969-chevy-camaro-custom-diecast-vehicle
$4.99,'035051513735,,https://shop.mgae.com/collections/all-1/products/cartuned-series-1-1987-chevy-c10-custom-diecast-vehicle
$4.99,'035051513346,43,https://shop.mgae.com/collections/all-1/products/cartuned-series-1-1969-chevy-k5-blazer-custom
$4.99,'035051592471,,https://shop.mgae.com/collections/all-1/products/cartuned-series-2-1964-chevy-impala-custom-diecast-vehicle
$4.99,'035051514824,,https://shop.mgae.com/collections/all-1/products/cartuned-series-2-1957-chevy-bel-air-kandy-purple-diecast-vehicle
$4.99,'035051514923,,https://shop.mgae.com/collections/all-1/products/cartuned-series-2-1956-chevy-nomad-kandy-pink-diecast-vehicle
$4.99,'035051593935,,https://shop.mgae.com/collections/all-1/products/cartuned-series-2-1969-chevy-camaro-stock-diecast-vehicle
$6.99,'035051513841,,https://shop.mgae.com/collections/all-1/products/mgas-miniverse-make-it-mini-happy-hour
$4.99,'035051593898,,https://shop.mgae.com/collections/all-1/products/cartuned-series-2-1969-chevy-k5-blazer-custom-diecast-vehicle
$4.99,'035051594024,,https://shop.mgae.com/collections/all-1/products/cartuned-series-2-1963-chevy-corvette-race-diecast-vehicle
$4.99,'035051515067,,https://shop.mgae.com/collections/all-1/products/cartuned-series-2-1987-chevy-c10-custom-diecast-vehicle
$4.99,'035051560005,,https://shop.mgae.com/collections/all-1/products/moj-moj-squish-series-1
$4.99,'035051514978,,https://shop.mgae.com/collections/all-1/products/cartuned-series-2-1953-chevy-troka-kandy-green-2-tone-diecast-vehicle
$4.99,'035051560012,3,https://shop.mgae.com/collections/all-1/products/moj-moj-bubble-series-1
$4.99,'035051513711,,https://shop.mgae.com/collections/all-1/products/cartuned-series-1-1963-chevy-corvette-muscle-diecast-vehicle
$7.99,'035051528166,,https://shop.mgae.com/collections/all-1/products/mgas-miniverse-make-it-mini-nature-series-2
$8.44,'035051555582,45,https://shop.mgae.com/collections/all-1/products/lol-surprise-pass-the-surprise-game-mc-hammy
$8.99,'035051564942,,https://shop.mgae.com/collections/all-1/products/l-o-l-surprise-furniture-backstage-with-independent-queen
$8.44,'035051555568,46,https://shop.mgae.com/collections/all-1/products/lol-surprise-pass-the-surprise-game-neon-qt
$8.99,'035051574750,,https://shop.mgae.com/collections/all-1/products/lol-surprise-lunar-new-year-doll-or-pet-with-7-surprises
$8.99,'035051569374,,https://shop.mgae.com/collections/all-1/products/l-o-l-surprise-boys-arcade-heroes-action-figure-doll-with-15-surprises
$7.99,'035051531067,,https://shop.mgae.com/collections/all-1/products/mgas-miniverse-make-it-mini-cafe-mini-collectibles-series-4
$9.99,'035051577522,,https://shop.mgae.com/collections/all-1/products/lol-surprise-remix-rock-dolls
$9.99,'035051558477,,https://shop.mgae.com/collections/all-1/products/l-o-l-surprise-sleepover-surprise-active-party-game-for-kids
$9.99,'035051589068,,https://shop.mgae.com/collections/all-1/products/lol-surprise-year-of-the-rabbit-pet
$9.99,'035051567004,,https://shop.mgae.com/collections/all-1/products/l-o-l-surprise-boys-series-3a
$9.99,'035051589051,,https://shop.mgae.com/collections/all-1/products/lol-surprise-year-of-the-rabbit-doll
$9.99,'035051564799,,https://shop.mgae.com/collections/all-1/products/l-o-l-surprise-boys-series-2a
$9.99,'035051585565,41,https://shop.mgae.com/collections/all-1/products/mgas-miniverse-bratz-minis
$9.99,'035051585947,50,https://shop.mgae.com/collections/all-1/products/lol-surprise-earth-love-grow-grrrl-doll-with-7-surprises
$9.99,'035051594130,,https://shop.mgae.com/collections/all-1/products/mgas-miniverse-little-tikes-minis-series-2
$9.99,'035051593072,,https://shop.mgae.com/collections/all-1/products/lol-surprise-loves-mini-sweets-s3-dolls
$9.99,'035051591795,,https://shop.mgae.com/collections/all-1/products/mgas-miniverse-bratz-minis-series-2
$9.99,'035051585299,7,https://shop.mgae.com/collections/all-1/products/lol-surprise-glitter-color-change-doll-asst
$9.99,'035051594512,,https://shop.mgae.com/collections/all-1/products/mgas-miniverse-harry-potter-make-it-mini-potions
$9.99,'035051521532,,https://shop.mgae.com/collections/all-1/products/grossmos-blind-dino-s1
$9.99,'035051514510,,https://shop.mgae.com/collections/all-1/products/mgas-miniverse-make-it-mini-lord-of-the-rings
$9.99,'035051593010,,https://shop.mgae.com/collections/all-1/products/lol-surprise-spooky-party-glitter-ghost
$9.99,'035051579502,,https://shop.mgae.com/collections/all-1/products/lol-surprise-bff-sweethearts-pink-baby-doll-with-7-surprises
$9.99,'035051540953,,https://shop.mgae.com/collections/all-1/products/yummiland-lipgloss-doll-callie-birthday-cake
$9.99,'035051540977,,https://shop.mgae.com/collections/all-1/products/yummiland-lipgloss-doll-piper-peach
$9.99,'035051540991,,https://shop.mgae.com/collections/all-1/products/yummiland-lipgloss-doll-greta-grape
$9.99,'035051592532,,https://shop.mgae.com/collections/all-1/products/cartuned-2-pack-series-1-street-racen
$9.99,'035051540960,,https://shop.mgae.com/collections/all-1/products/yummiland-lipgloss-doll-bianca-bubblegum
$9.99,'035051541004,,https://shop.mgae.com/collections/all-1/products/yummiland-lipgloss-doll-maya-watermelon
$9.99,'035051531159,,https://shop.mgae.com/collections/all-1/products/mgas-miniverse-make-it-mini-spa
$9.99,'035051592556,,https://shop.mgae.com/collections/all-1/products/cartuned-2-pack-series-2-dipd-dripd
$9.99,'035051515722,,https://shop.mgae.com/collections/all-1/products/mgas-miniverse-make-it-mini-sanrio
$9.99,'035051510666,,https://shop.mgae.com/collections/all-1/products/lol-surprise-holiday-surprise-doll-dreamin-bb-with-8-surprises
$9.99,'035051528098,,https://shop.mgae.com/collections/all-1/products/cartuned-2-pack-series-3-speedshop
$9.99,'035051510642,48,https://shop.mgae.com/collections/all-1/products/lol-surprise-holiday-surprise-doll-tinsel-with-8-surprises
$9.99,'035051568575,,https://shop.mgae.com/collections/all-1/products/lol-surprise-eye-spy-pets
$11.69,'035051577942,39,https://shop.mgae.com/collections/all-1/products/lol-surprise-interactive-live-surprise-pet-fuzzy-fan-with-realistic-sounds-motions-and-responses
$11.69,'035051577966,44,https://shop.mgae.com/collections/all-1/products/lol-surprise-interactive-live-surprise-pet-hoops-d-o-g-g-with-realistic-sounds-motions-and-responses
$14.99,'050743662164,,https://shop.mgae.com/collections/all-1/products/little-tikes-big-adventures-submarine
$14.99,'035051507277,,https://shop.mgae.com/collections/all-1/products/rainbow-high-swim-style-fashion-doll-ruby-red
$14.99,'035051507284,,https://shop.mgae.com/collections/all-1/products/rainbow-high-swim-style-fashion-doll-sunny-yellow
$9.99,'035051540984,,https://shop.mgae.com/collections/all-1/products/yummiland-lipgloss-doll-rory-blueberry
$14.99,'035051507307,,https://shop.mgae.com/collections/all-1/products/rainbow-high-swim-style-fashion-doll-skyler-blue
$14.99,'035051505273,,https://shop.mgae.com/collections/all-1/products/lol-surprise-loves-crayola-color-me-studio
$14.99,'035051507314,,https://shop.mgae.com/collections/all-1/products/rainbow-high-swim-style-fashion-doll-violet-purple
$14.99,'689202919077,,https://shop.mgae.com/collections/all-1/products/baby-born-surprise-blind-bottle-bag-3-pack
$14.99,'035051507420,36,https://shop.mgae.com/collections/all-1/products/rainbow-high-locker-playset
$14.99,'035051510628,,https://shop.mgae.com/collections/all-1/products/lol-surprise-candy-surprise
$14.99,'035051510437,,https://shop.mgae.com/collections/all-1/products/lol-surprise-tweens-mermaid-doll-cleo-cove
$14.99,'035051510444,,https://shop.mgae.com/collections/all-1/products/lol-surprise-tweens-mermaid-doll-lana-marine
$14.99,'035051510598,,https://shop.mgae.com/collections/all-1/products/lol-surprise-tweens-mermaid-doll-serena-finn
$14.99,'035051510451,,https://shop.mgae.com/collections/all-1/products/lol-surprise-tweens-mermaid-doll-lola-waves
$14.99,'035051592549,,https://shop.mgae.com/collections/all-1/products/cartuned-3-pack-series-2-stylin-profilin
$14.99,'035051592525,,https://shop.mgae.com/collections/all-1/products/cartuned-3-pack-series-1-cruizn-da-blvd
$14.99,'035051511304,,https://shop.mgae.com/collections/all-1/products/bratz-furniture-couch
$15.99,'035051524052,,https://shop.mgae.com/collections/all-1/products/bratz-babyz-runwayz-doll-cloe
$14.99,'035051523444,,https://shop.mgae.com/collections/all-1/products/mgas-miniverse-make-it-mini-appliances-series-2
$14.99,'035051542780,,https://shop.mgae.com/collections/all-1/products/lol-surprise-loves-powerpuff-girls-tots
$11.99,'035051546825,,https://shop.mgae.com/collections/all-1/products/mgas-miniverse-make-it-mini-diner-series-4-mini-collectibles
$12.99,'035051567080,34,https://shop.mgae.com/collections/all-1/products/l-o-l-surprise-remix-pets-9-surprises-including-pet-with-hair-and-surprise-song-lyrics
$11.99,'035051547235,,https://shop.mgae.com/collections/all-1/products/mgas-miniverse-make-it-mini-hello-kitty%C2%AE-and-friends-series-2-mini-collectables
$12.99,'035051505570,,https://shop.mgae.com/collections/all-1/products/bratz-babyz-doll-yasmin
$12.99,'035051505563,,https://shop.mgae.com/collections/all-1/products/bratz-babyz-doll-cloe
$12.99,'035051505587,,https://shop.mgae.com/collections/all-1/products/bratz-babyz-doll-jade
$14.99,'035051523840,,https://shop.mgae.com/collections/all-1/products/lol-surprise-loves-hello-kitty-friends-tots
$12.99,'035051505594,,https://shop.mgae.com/collections/all-1/products/bratz-babyz-doll-sasha
$12.99,'035051534587,,https://shop.mgae.com/collections/all-1/products/mgas-miniverse-make-it-mini-appliances
$12.99,'035051511496,,https://shop.mgae.com/collections/all-1/products/bratz-babyz-doll-fianna
$12.99,'035051525462,,https://shop.mgae.com/collections/all-1/products/yummiland-lip-gloss-doll-series-2-cotton-candy-nia-candy-fluff
$12.99,'035051525455,,https://shop.mgae.com/collections/all-1/products/yummiland-lip-gloss-doll-series-2-boba-britney-boba
$12.99,'035051525615,,https://shop.mgae.com/collections/all-1/products/yummiland-lip-gloss-doll-series-2-cinnamon-spice-amber-cinnamon
$12.99,'035051525479,,https://shop.mgae.com/collections/all-1/products/yummiland-lip-gloss-doll-series-2-licorice-susie-sour-straw
$12.99,'035051525486,,https://shop.mgae.com/collections/all-1/products/yummiland-lip-gloss-doll-series-2-rock-candy-roxie-crystal-candy
$12.99,'035051534563,,https://shop.mgae.com/collections/all-1/products/yummiland-lip-gloss-doll-series-2-mystery-chase-2-neopolitan-avery-ice-cream
$12.99,'035051526414,,https://shop.mgae.com/collections/all-1/products/yummiland-lip-gloss-doll-series-2-mystery-chase-1-sprinkles-ava-ice-cream
$12.99,'035051528616,,https://shop.mgae.com/collections/all-1/products/yummiland-lip-gloss-doll-pink-lily-hearts
$14.99,'050743651823,17,https://shop.mgae.com/collections/all-1/products/l-o-l-surprise-2-1-storage-pillow
$9.99,'035051593058,,https://shop.mgae.com/collections/all-1/products/lol-surprise-holiday-surprise-miss-merry
$12.99,'035051528630,,https://shop.mgae.com/collections/all-1/products/yummiland-lip-gloss-doll-2-yellow-goldie-mallows
$12.99,'035051526452,,https://shop.mgae.com/collections/all-1/products/yummiland-lip-gloss-doll-pink-maddie-mallows
$9.99,'035051570370,,https://shop.mgae.com/collections/all-1/products/l-o-l-surprise-all-star-b-b-s-series-1-baseball
$9.99,'035051505310,,https://shop.mgae.com/collections/all-1/products/bratz-minis-series-3
$9.99,'035051591696,,https://shop.mgae.com/collections/all-1/products/lol-surprise-surprise-tot-swap
$9.99,'035051533306,,https://shop.mgae.com/collections/all-1/products/mgas-miniverse-make-it-mini-food-diner-series-3-mini-collectibles
$9.99,'035051593140,40,https://shop.mgae.com/collections/all-1/products/lol-surprise-mix-make-birthday-cake-tots
$9.99,'035051505068,,https://shop.mgae.com/collections/all-1/products/lol-surprise-water-balloon-surprise-tots
$9.99,'035051532217,,https://shop.mgae.com/collections/all-1/products/lol-surprise-loves-peeps-tots-cozy-bunny
$9.99,'035051505259,,https://shop.mgae.com/collections/all-1/products/lol-surprise-loves-crayola-tots
$9.99,'035051505358,,https://shop.mgae.com/collections/all-1/products/mgas-miniverse-make-it-mini-lifestyle-series-2a
$9.99,'035051511205,,https://shop.mgae.com/collections/all-1/products/lol-surprise-hair-beads-tots
$9.99,'035051511410,,https://shop.mgae.com/collections/all-1/products/mini-bratz-series-4
$9.99,'035051532224,,https://shop.mgae.com/collections/all-1/products/lol-surprise-loves-peeps-tots-fluff-chick
$9.99,'035051511397,,https://shop.mgae.com/collections/all-1/products/mini-bratz-babyz-series-1
$9.99,'035051531197,,https://shop.mgae.com/collections/all-1/products/rainbow-high-littles-dolls-sapphire-blue
$9.99,'035051531234,,https://shop.mgae.com/collections/all-1/products/rainbow-high-littles-dolls-amethyst-purple
$9.99,'035051531227,,https://shop.mgae.com/collections/all-1/products/rainbow-high-littles-dolls-daisy-yellow
$9.99,'035051531241,,https://shop.mgae.com/collections/all-1/products/rainbow-high-littles-dolls-indigo-dark-purple
$11.99,'035051523895,,https://shop.mgae.com/collections/all-1/products/lol-surprise-unicorn-tots
$9.99,'035051531203,,https://shop.mgae.com/collections/all-1/products/rainbow-high-littles-dolls-opal-rainbow
$11.99,'035051523994,,https://shop.mgae.com/collections/all-1/products/lol-surprise-all-star-sports-vault-tot
$11.99,'035051523970,,https://shop.mgae.com/collections/all-1/products/lol-surprise-pastel-party-tots-hops-bunny
$11.99,'035051531081,,https://shop.mgae.com/collections/all-1/products/mgas-miniverse-make-it-mini-from-scratch-mini-collectibles-series-1
$9.99,'035051510604,,https://shop.mgae.com/collections/all-1/products/lol-surprise-mermaids-tots
$11.99,'035051523352,,https://shop.mgae.com/collections/all-1/products/mgas-miniverse-make-it-mini-makeup-mini-collectibles-series-1
$11.99,'035051523659,,https://shop.mgae.com/collections/all-1/products/mgas-miniverse-make-it-mini-valentines
$11.99,'035051523918,,https://shop.mgae.com/collections/all-1/products/lol-surprise-fairy-tots
$11.99,'035051528302,,https://shop.mgae.com/collections/all-1/products/mgas-miniverse-make-it-mini-honeydukes%E2%84%A2-harry-potter%E2%84%A2-mini-collectables
$11.99,'035051543404,,https://shop.mgae.com/collections/all-1/products/rainbow-high-littles-rainbow-fantasy-fairies-pet-emerald-green-5-5-small-doll-dragon
$11.99,'035051523710,,https://shop.mgae.com/collections/all-1/products/mgas-miniverse-make-it-mini-spring-theme
$11.99,'035051543398,,https://shop.mgae.com/collections/all-1/products/rainbow-high-littles-rainbow-fantasy-fairies-with-pet-astrid-rainbow-5-5-posable-small-doll-fantasy-butterfly-pet
$11.99,'035051543428,,https://shop.mgae.com/collections/all-1/products/rainbow-high-littles-rainbow-fantasy-fairies-with-pet-sapphire-blue-5-5-posable-small-doll-fantasy-dog-pet
$11.99,'689202919893,42,https://shop.mgae.com/collections/all-1/products/baby-born-surprise-mini-babies-series-9
$11.99,'035051543435,,https://shop.mgae.com/collections/all-1/products/rainbow-high-littles-rainbow-fantasy-fairies-with-pet-amethyst-purple-5-5-posable-small-doll-fantasy-pegasus-pet
$11.99,'035051543381,,https://shop.mgae.com/collections/all-1/products/rainbow-high-littles-rainbow-fantasy-fairies-with-pet-apple-red-5-5-posable-small-doll-fantasy-deer
$11.99,'035051543442,,https://shop.mgae.com/collections/all-1/products/rainbow-high-littles-rainbow-fantasy-fairies-with-pet-opal-rainbow-5-5-posable-small-doll-fantasy-owl-pet
$11.99,'035051522546,,https://shop.mgae.com/collections/all-1/products/mgas-miniverse-make-it-mini-dinosaurs-jurassic-world
$11.99,'035051542629,,https://shop.mgae.com/collections/all-1/products/lol-surprise-eye-spy-tots
$11.99,'035051546955,,https://shop.mgae.com/collections/all-1/products/mgas-miniverse-make-it-mini-sneakers
$11.99,'035051547150,,https://shop.mgae.com/collections/all-1/products/mgas-miniverse-make-it-mini-back-to-hogwarts%E2%84%A2-harry-potter%E2%84%A2-mini-collectibles
$15.99,'035051524069,,https://shop.mgae.com/collections/all-1/products/bratz-babyz-runwayz-doll-yasmin
$15.99,'035051524076,,https://shop.mgae.com/collections/all-1/products/bratz-babyz-runwayz-doll-jade
$15.99,'035051527589,,https://shop.mgae.com/collections/all-1/products/bratz-babyz-runwayz-doll-dana
$15.99,'035051524083,,https://shop.mgae.com/collections/all-1/products/bratz-babyz-runwayz-doll-sasha
$16.99,'050743664175,,https://shop.mgae.com/collections/all-1/products/little-tikes-story-dream-machine-big-shark-little-shark-collection
$16.99,'050743664281,,https://shop.mgae.com/collections/all-1/products/little-tikes-story-dream-machine-day-family-collection
$16.99,'050743664304,,https://shop.mgae.com/collections/all-1/products/little-tikes-story-dream-machine-magical-creatures-collection
$16.99,'050743664311,,https://shop.mgae.com/collections/all-1/products/story-dream-machine-i-love-collection
$16.99,'050743664199,,https://shop.mgae.com/collections/all-1/products/story-dream-machine-dino-collection
$15.99,'035051527701,,https://shop.mgae.com/collections/all-1/products/bratz-babyz-runwayz-doll-felicia
$16.99,'050743664182,44,https://shop.mgae.com/collections/all-1/products/story-dream-machine-go-go-vehicles-collection
$17.99,'050743611957,,https://shop.mgae.com/collections/all-1/products/little-tikes-totsports-t-ball-set
$16.99,'050743664298,,https://shop.mgae.com/collections/all-1/products/little-tikes-story-dream-machine-colorful-cat-collection
$17.99,'035051583783,,https://shop.mgae.com/collections/all-1/products/lol-surprise-furniture-playset-cheeky-babe-lil-music-tour
$17.99,'035051572626,37,https://shop.mgae.com/collections/all-1/products/lol-surprise-furniture-sweet-boardwalk-with-sugar-doll-and-10-surprises
$17.99,'035051522058,,https://shop.mgae.com/collections/all-1/products/rainbow-high-little-dessert-shop-with-kandy-playset
$17.99,'035051522249,,https://shop.mgae.com/collections/all-1/products/rainbow-high-little-pool-day-with-blush-playset
$17.99,'035051570578,,https://shop.mgae.com/collections/all-1/products/rainbow-high-shadow-high-heather-grayson-11-fashion-doll-with-accessories
$17.99,'035051570592,,https://shop.mgae.com/collections/all-1/products/rainbow-high-shadow-high-luna-madison-11-fashion-doll-with-accessories
$17.99,'035051570585,,https://shop.mgae.com/collections/all-1/products/rainbow-high-shadow-high-shanelle-onyx-11-fashion-doll-with-accessories
$19.99,'050743662157,,https://shop.mgae.com/collections/all-1/products/little-tikes-big-adventures-space-rover
$17.99,'035051570608,,https://shop.mgae.com/collections/all-1/products/rainbow-high-shadow-high-natasha-11-fashion-doll-with-accessories
$19.99,'035051571964,,https://shop.mgae.com/collections/all-1/products/l-o-l-surprise-confetti-pop-3-pack-glamstronaut-3-re-released-dolls-each-with-9-surprises
$19.99,'035051591573,,https://shop.mgae.com/collections/all-1/products/lol-surprise-omg-hos-doll-swag
$19.99,'035051588726,,https://shop.mgae.com/collections/all-1/products/lol-surprise-tweens-s4-doll-ali-dance
$19.99,'035051571988,,https://shop.mgae.com/collections/all-1/products/l-o-l-surprise-3-pack-confetti-beatnik-babe
$19.99,'035051591597,,https://shop.mgae.com/collections/all-1/products/lol-surprise-omg-hos-doll-lady-diva
$19.99,'035051591658,,https://shop.mgae.com/collections/all-1/products/lol-surprise-tweens-core-doll-hana-groove
$19.99,'035051591603,,https://shop.mgae.com/collections/all-1/products/lol-surprise-omg-hos-doll-royal-bee
$19.99,'035051591672,,https://shop.mgae.com/collections/all-1/products/lol-surprise-tweens-core-doll-cassie-cool
$19.99,'035051503682,,https://shop.mgae.com/collections/all-1/products/rainbow-high-junior-high-pj-party-fashion-doll-sunny-yellow
$19.99,'035051503675,,https://shop.mgae.com/collections/all-1/products/rainbow-high-junior-high-pj-party-fashion-doll-bella-pink
$19.99,'035051530947,,https://shop.mgae.com/collections/all-1/products/rainbow-high-junior-high-pj-party-fashion-doll-skyler-blue
$19.99,'035051503705,,https://shop.mgae.com/collections/all-1/products/rainbow-high-junior-high-pj-party-fashion-doll-violet-purple
$19.99,'689202919237,,https://shop.mgae.com/collections/all-1/products/baby-born-bear
$19.99,'689202918919,,https://shop.mgae.com/collections/all-1/products/baby-born-my-first-baby-doll-annabell
$19.99,'035051540304,,https://shop.mgae.com/collections/all-1/products/pixel-petz-dalmatian
$19.99,'035051540298,,https://shop.mgae.com/collections/all-1/products/pixel-petz-corgi
$20.99,'035051576129,,https://shop.mgae.com/collections/all-1/products/lol-surprise-glitter-3-pack-style-2
$20.99,'035051576136,13,https://shop.mgae.com/collections/all-1/products/lol-surprise-glitter-3-pack-style-3
$20.99,'035051529316,,https://shop.mgae.com/collections/all-1/products/mgas-miniverse-make-it-mini-happy-hour-mini-collectibles-3-pack-for-adults-21-years
$20.99,'035051576112,38,https://shop.mgae.com/collections/all-1/products/lol-surprise-glitter-3-pack-style-1
$20.99,'035051576143,5,https://shop.mgae.com/collections/all-1/products/lol-surprise-glitter-3-pack-style-4
$19.99,'035051524205,,https://shop.mgae.com/collections/all-1/products/bratz-goin-out-doll-yasmin
$22.99,'035051555117,,https://shop.mgae.com/collections/all-1/products/lol-surprise-fashion-factory-game
$20.99,'035051540311,,https://shop.mgae.com/collections/all-1/products/mgas-miniverse-make-it-mini-food-halloween-series-2-mini-collectibles-3-pack-beetlejuice-beetlejuice%E2%84%A2
$22.99,'050743656156,,https://shop.mgae.com/collections/all-1/products/little-tikes-first-aid-kit
$23.99,'035051529378,,https://shop.mgae.com/collections/all-1/products/mgas-miniverse-make-it-mini-from-scratch-series-1-mini-collectibles-2-pack
$24.99,'035051562689,27,https://shop.mgae.com/collections/all-1/products/l-o-l-surprise-fashion-show-on-the-go-hot-pink-storage-playset
$24.99,'035051584247,,https://shop.mgae.com/collections/all-1/products/lol-surprise-omg-sports-doll-s3-court-cutie
$24.99,'035051582953,2,https://shop.mgae.com/collections/all-1/products/rainbow-high-junior-high-doll-series-2-amaya-raine
$24.99,'035051591504,,https://shop.mgae.com/collections/all-1/products/lol-surprise-omg-core-series-8-victory
$24.99,'035051584698,,https://shop.mgae.com/collections/all-1/products/bratz-original-fashion-doll-dylan
$24.99,'035051591535,,https://shop.mgae.com/collections/all-1/products/lol-surprise-omg-core-series-8-pose
$24.99,'035051588511,,https://shop.mgae.com/collections/all-1/products/lol-surprise-omg-core-series-7-golden-heart
$24.99,'035051589433,,https://shop.mgae.com/collections/all-1/products/lol-surprise-omg-sunshine-makeover-sunrise
$24.99,'035051591542,18,https://shop.mgae.com/collections/all-1/products/lol-surprise-omg-core-series-8-jams
$24.99,'035051524212,,https://shop.mgae.com/collections/all-1/products/bratz-goin-out-doll-jade
$24.99,'035051592372,,https://shop.mgae.com/collections/all-1/products/bratz-series-3-doll-koby
$20.99,'035051578499,,https://shop.mgae.com/collections/all-1/products/rainbow-high-secret-journal
$24.99,'035051526780,27,https://shop.mgae.com/collections/all-1/products/rainbow-high-hair-play-doll-amaya
$24.99,'035051553694,,https://shop.mgae.com/collections/all-1/products/mgas-miniverse-make-it-mini-honeydukes%E2%84%A2-harry-potter%E2%84%A2-mini-collectables-2-pack
$24.99,'035051526797,,https://shop.mgae.com/collections/all-1/products/rainbow-high-hair-play-doll-meline
$24.99,'035051565628,,https://shop.mgae.com/collections/all-1/products/rainbow-high-jr-high-rock-band-skyler-blue-9-fashion-doll-1
$24.99,'035051565215,,https://shop.mgae.com/collections/all-1/products/rainbow-high-jr-high-rock-band-skyler-blue-9-fashion-doll
$24.99,'035051565659,,https://shop.mgae.com/collections/all-1/products/rainbow-high-jr-high-rock-band-amaya-rainbow-9-fashion-doll
$24.99,'035051565772,,https://shop.mgae.com/collections/all-1/products/rainbow-high-jr-high-rock-band-bella-pink-9-fashion-doll
$24.99,'035051542568,,https://shop.mgae.com/collections/all-1/products/lol-surprise-tweens-core-doll-fancy-gurl
$24.99,'035051542575,,https://shop.mgae.com/collections/all-1/products/lol-surprise-tweens-core-doll-cherry-b-b
$24.99,'035051591511,,https://shop.mgae.com/collections/all-1/products/lol-surprise-omg-core-series-8-wildflower
$24.99,'035051542582,,https://shop.mgae.com/collections/all-1/products/lol-surprise-tweens-core-doll-freshest
$24.99,'035051542872,,https://shop.mgae.com/collections/all-1/products/lol-surprise-omg-powerpuff-girls-doll-buttercup
$24.99,'035051542827,,https://shop.mgae.com/collections/all-1/products/lol-surprise-omg-powerpuff-girls-doll-blossom
$24.99,'035051524229,,https://shop.mgae.com/collections/all-1/products/bratz-goin-out-doll-sasha
$24.99,'035051559412,,https://shop.mgae.com/collections/all-1/products/lol-surprise-tweens-core-doll-olive-flutter
$25.00,',,https://shop.mgae.com/collections/all-1/products/l-o-l-surprise-store-gift-card-choose-amount
$25.00,'035051989189,36,https://shop.mgae.com/collections/all-1/products/white-t-shirt-sunny-day
$24.99,'035051542926,,https://shop.mgae.com/collections/all-1/products/lol-surprise-omg-powerpuff-girls-doll-bubbles
$25.00,'035051989301,43,https://shop.mgae.com/collections/all-1/products/cream-t-shirt-ichi-ni-sun
$25.00,'035051989240,38,https://shop.mgae.com/collections/all-1/products/white-t-shirt-sunny-bros-pizza
$24.99,'035051501923,,https://shop.mgae.com/collections/all-1/products/rainbow-high-new-friends-fashion-doll-pinkly-paige-pink
$24.99,'035051592822,3,https://shop.mgae.com/collections/all-1/products/shadow-high-f23-fashion-doll-oliver-ocean-blue
$24.99,'035051503781,12,https://shop.mgae.com/collections/all-1/products/lol-surprise-omg-sweet-nails-candylicious-sprinkles-shop
$24.99,'035051503859,,https://shop.mgae.com/collections/all-1/products/lol-surprise-omg-sweet-nails-kitty-k-cafe
$24.99,'035051583080,,https://shop.mgae.com/collections/all-1/products/shadow-high-s23-fashion-doll-bb-black
$24.99,'035051503842,,https://shop.mgae.com/collections/all-1/products/lol-surprise-omg-sweet-nails-pinky-pops-fruit-shop
$24.99,'035051503231,,https://shop.mgae.com/collections/all-1/products/rainbow-high-classic-fashion-doll-sunny-yellow
$24.99,'035051594598,,https://shop.mgae.com/collections/all-1/products/rainbow-high-classic-fashion-doll-amaya-rainbow
$24.99,'035051503415,,https://shop.mgae.com/collections/all-1/products/rainbow-high-classic-fashion-doll-skyler-blue
$24.99,'689202918902,48,https://shop.mgae.com/collections/all-1/products/baby-born-baby-doll-mealtime-table
$24.99,'035051541691,,https://shop.mgae.com/collections/all-1/products/yummiland-large-doll-lipgloss-pet-bianca-bubblegum
$24.99,'035051510390,,https://shop.mgae.com/collections/all-1/products/lol-surprise-omg-core-pearl
$24.99,'689202918896,,https://shop.mgae.com/collections/all-1/products/baby-born-baby-doll-walker
$24.99,'035051541714,,https://shop.mgae.com/collections/all-1/products/yummiland-large-doll-lipgloss-pet-rory-blueberry
$24.99,'035051541721,,https://shop.mgae.com/collections/all-1/products/yummiland-large-doll-lipgloss-pet-callie-birthday-cake
$24.99,'035051541707,,https://shop.mgae.com/collections/all-1/products/yummiland-large-doll-lipgloss-pet-piper-peach
$24.99,'035051503422,,https://shop.mgae.com/collections/all-1/products/rainbow-high-classic-fashion-doll-violet-purple
$24.99,'035051527565,,https://shop.mgae.com/collections/all-1/products/bratz-babyz-twins-2-pack
$24.99,'035051582076,,https://shop.mgae.com/collections/all-1/products/finders-creepers
$26.99,'035051583165,39,https://shop.mgae.com/collections/all-1/products/rainbow-high-s23-fashion-doll-ar-purple
$24.99,'035051524199,,https://shop.mgae.com/collections/all-1/products/bratz-goin-out-doll-cloe
$26.99,'050743617973,,https://shop.mgae.com/collections/all-1/products/2-in-1-snug-n-secure-swing-blue
$26.99,'050743642708,,https://shop.mgae.com/collections/all-1/products/2-in-1-snug-n-secure-swing-pink
$26.99,'050743650727,43,https://shop.mgae.com/collections/all-1/products/2-in-1-snug-n-secure-swing-magenta
$29.99,'035051589365,18,https://shop.mgae.com/collections/all-1/products/lol-surprise-loves-mini-sweets-deluxe-s2-jelly-belly
$29.99,'035051591740,,https://shop.mgae.com/collections/all-1/products/lol-surprise-tweens-surprise-swap-fashion-doll-bronze-2-blonde-billie
$29.99,'035051591733,30,https://shop.mgae.com/collections/all-1/products/lol-surprise-tweens-surprise-swap-fashion-doll-braids-2-waves-winnie
$29.99,'035051591757,,https://shop.mgae.com/collections/all-1/products/lol-surprise-tweens-surprise-swap-fashion-doll-buns-2-braids-bailey
$29.99,'035051583578,,https://shop.mgae.com/collections/all-1/products/rainbow-high-shadow-high-ash-silverstone
$29.99,'035051583554,12,https://shop.mgae.com/collections/all-1/products/rainbow-high-top-secret-doll-oy
$29.99,'035051594932,,https://shop.mgae.com/collections/all-1/products/bratz-minis-collectors-case
$29.99,'035051593263,,https://shop.mgae.com/collections/all-1/products/lol-surprise-tweens-surprise-swap-fashion-doll-curls-2-crimps-cora
$29.99,'035051500407,,https://shop.mgae.com/collections/all-1/products/rainbow-high-color-create-fashion-doll-green-eyes
$29.99,'035051593539,,https://shop.mgae.com/collections/all-1/products/lol-surprise-magic-flyers-sky-starling-gold-wings
$29.99,'035051505204,,https://shop.mgae.com/collections/all-1/products/bratz-alwayz-bratz-doll-cloe
$29.99,'035051542001,,https://shop.mgae.com/collections/all-1/products/mgas-miniverse-make-it-mini-plant-nursery-pack
$29.99,'035051593621,,https://shop.mgae.com/collections/all-1/products/lol-surprise-magic-magic-flyers-sweetie-fly-lilac-wings
$29.99,'035051505235,,https://shop.mgae.com/collections/all-1/products/bratz-alwayz-bratz-doll-sasha
$29.99,'035051591771,,https://shop.mgae.com/collections/all-1/products/lol-surprise-city-cruiser
$29.99,'035051505211,,https://shop.mgae.com/collections/all-1/products/bratz-alwayz-bratz-doll-yasmin
$29.99,'035051505228,,https://shop.mgae.com/collections/all-1/products/bratz-alwayz-bratz-doll-jade
$29.99,'035051507581,,https://shop.mgae.com/collections/all-1/products/rainbow-high-color-create-doll-with-purple-eyes
$29.99,'035051504054,,https://shop.mgae.com/collections/all-1/products/lol-surprise-tween-costume-surprise-aya-cherry
$29.99,'035051507734,,https://shop.mgae.com/collections/all-1/products/rainbow-high-watercolor-create-green-eyes
$29.99,'035051507598,,https://shop.mgae.com/collections/all-1/products/rainbow-high-color-create-doll-with-brown-eyes
$29.99,'035051504146,,https://shop.mgae.com/collections/all-1/products/lol-surprise-tween-costume-surprise-ali-dance
$29.99,'035051424611,,https://shop.mgae.com/collections/all-1/products/lol-surprise-loves-mini-sweets-dolls-style-1-exclusive-3-pack
$29.99,'035051592037,,https://shop.mgae.com/collections/all-1/products/bratz-slumber-party-doll-cloe
$29.99,'035051510413,,https://shop.mgae.com/collections/all-1/products/lol-surprise-tween-costume-surprise-hoops-cutie
$29.99,'035051592068,,https://shop.mgae.com/collections/all-1/products/bratz-slumber-party-doll-jade
$29.99,'035051592075,,https://shop.mgae.com/collections/all-1/products/bratz-slumber-party-doll-meygan
$29.99,'035051531104,,https://shop.mgae.com/collections/all-1/products/mgas-miniverse-make-it-mini-hersheys-multipack
$29.99,'035051507796,,https://shop.mgae.com/collections/all-1/products/rainbow-high-winter-wonderland-doll-pink
$29.99,'035051504139,,https://shop.mgae.com/collections/all-1/products/lol-surprise-tween-costume-surprise-emma-emo
$29.99,'035051507802,,https://shop.mgae.com/collections/all-1/products/rainbow-high-winter-wonderland-doll-blue
$29.99,'035051508113,,https://shop.mgae.com/collections/all-1/products/rainbow-high-winter-wonderland-doll-yellow
$29.99,'035051514558,,https://shop.mgae.com/collections/all-1/products/rainbow-high-winter-wonderland-doll-purple
$29.99,'035051541073,,https://shop.mgae.com/collections/all-1/products/yummiland-lipgloss-truck
$29.99,'035051517160,,https://shop.mgae.com/collections/all-1/products/rainbow-high-styling-head-playset
$29.99,'035051522911,,https://shop.mgae.com/collections/all-1/products/rainbow-creative-crystals-fashion-doll-skyler
$29.99,'035051592044,,https://shop.mgae.com/collections/all-1/products/bratz-slumber-party-doll-yasmin
$29.99,'035051592051,,https://shop.mgae.com/collections/all-1/products/bratz-slumber-party-sasha-fashion-doll
$29.99,'035051522904,,https://shop.mgae.com/collections/all-1/products/rainbow-creative-crystals-fashion-doll-bella
$29.99,'035051523154,,https://shop.mgae.com/collections/all-1/products/rainbow-creative-crystals-fashion-doll-rainbow
$29.99,'035051523161,,https://shop.mgae.com/collections/all-1/products/rainbow-creative-crystals-fashion-doll-violet
$29.99,'035051523321,,https://shop.mgae.com/collections/all-1/products/rainbow-creative-crystals-fashion-doll-amaya
$29.99,'035051542667,,https://shop.mgae.com/collections/all-1/products/lol-surprise-omg-eye-spy-superhero
$29.99,'035051542674,,https://shop.mgae.com/collections/all-1/products/lol-surprise-omg-eye-spy-spy
$29.99,'035051542681,,https://shop.mgae.com/collections/all-1/products/lol-surprise-omg-eye-spy-rockstar
$29.99,'035051526469,,https://shop.mgae.com/collections/all-1/products/yummiland-large-doll-lipgloss-pet-skyler-rainbow-belt
$29.99,'035051542650,,https://shop.mgae.com/collections/all-1/products/lol-surprise-omg-eye-spy-fairy
$29.99,'035051528517,,https://shop.mgae.com/collections/all-1/products/lol-surprise-just-add-water-3-pack
$31.99,'050743044755,,https://shop.mgae.com/collections/all-1/products/little-tikes-classic-doll-buggy
$34.99,'050743620171,,https://shop.mgae.com/collections/all-1/products/rocking-horse-primary-blue
$34.99,'689202919008,,https://shop.mgae.com/collections/all-1/products/baby-born-musical-light-up-bathtub
$34.99,'050743612329,,https://shop.mgae.com/collections/all-1/products/totsports-easy-score-basketball-set
$34.99,'050743624605,,https://shop.mgae.com/collections/all-1/products/little-tikes-first-slide
$34.99,'689202919848,,https://shop.mgae.com/collections/all-1/products/baby-born-birthday-baby-doll-annabell
$159.99,',,https://shop.mgae.com/collections/all-1/products/viro-rides-vr-550e-blue
$159.99,'050743486364,,https://shop.mgae.com/collections/all-1/products/viro-rides-vr-550e-green
$179.99,'050743662720,,https://shop.mgae.com/collections/all-1/products/little-tikes-adventure-rocket
$34.99,'050743487019,,https://shop.mgae.com/collections/all-1/products/little-tikes-dino-animal-hopper
$34.99,'689202919046,,https://shop.mgae.com/collections/all-1/products/baby-born-surprise-bottle-house-playset-with-exclusive-doll
$197.44,',,https://shop.mgae.com/collections/all-1/products/mga-s-miniverse-make-it-mini-pro-pack-save-18-by-bundling
$189.99,'035051428688,,https://shop.mgae.com/collections/all-1/products/mgas-miniverse-make-it-mini-lifestyle-home-series-1b-complete-collection
$239.99,'050743658679,,https://shop.mgae.com/collections/all-1/products/little-tikes-foamo-foam-machine
$189.99,'035051428671,,https://shop.mgae.com/collections/all-1/products/mgas-miniverse-make-it-mini-foods-cafe-in-pdq-series-3b
$280.57,',,https://shop.mgae.com/collections/all-1/products/mga-s-miniverse-make-it-mini-collector-s-bundle-save-20-by-bundling
$395.99,'050743620089,,https://shop.mgae.com/collections/all-1/products/shady-jump-n-slide-bouncer
$69.99,'035051506164,,https://shop.mgae.com/collections/all-1/products/mgas-miniverse-make-it-all-you-can-eat
$69.99,'050743651342,,https://shop.mgae.com/collections/all-1/products/magic-flower-water-table
$549.99,'050743650451,,https://shop.mgae.com/collections/all-1/products/l-o-l-surprise-river-race-water-slide
$624.99,'050743628344,,https://shop.mgae.com/collections/all-1/products/rocky-mountain-river-race
$419.99,'050743660078,,https://shop.mgae.com/collections/all-1/products/dino-dune-buggy-12v-electric-power-ride-on
$76.99,'050743629945,,https://shop.mgae.com/collections/all-1/products/easy-store-jr-play-table-with-umbrella-blue-green
$80.00,',,https://shop.mgae.com/collections/all-1/products/harry-potter-make-it-mini-potions-book-exclusive-unboxing-experience-and-gift-set-6-pack
$79.99,',,https://shop.mgae.com/collections/all-1/products/viro-rides-sport-runner-black-and-blue
$69.99,'035051510987,,https://shop.mgae.com/collections/all-1/products/lol-surprise-big-surprise-party
$80.00,',,https://shop.mgae.com/collections/all-1/products/make-it-mini-from-scratch-oven-exclusive-unboxing-experience-and-gift-set-6-pack
$89.81,',,https://shop.mgae.com/collections/all-1/products/mgas-miniverse-starter-pack-bundle-save-16-by-bundling
$84.99,'050743662713,,https://shop.mgae.com/collections/all-1/products/little-tikes-splash-beach
$93.43,',,https://shop.mgae.com/collections/all-1/products/mgas-miniverse-make-it-mini-potions-harry-potter-bundle-save-15-by-bundling
$94.99,'050743642173,,https://shop.mgae.com/collections/all-1/products/little-tikes-big-waffle-blocks
$94.99,'050743632624,,https://shop.mgae.com/collections/all-1/products/little-tikes-activity-garden
$119.99,'050743657856,,https://shop.mgae.com/collections/all-1/products/ice-cream-cozy-truck
$129.99,'035051585886,49,https://shop.mgae.com/collections/all-1/products/rainbow-high-clb-edition-dd
$139.99,'050743653612,,https://shop.mgae.com/collections/all-1/products/little-tikes-cape-cottage-playhouse-pink
$139.99,'050743653889,,https://shop.mgae.com/collections/all-1/products/cape-cottage-playhouse-red
$139.99,'050743653568,,https://shop.mgae.com/collections/all-1/products/cape-cottage-playhouse-tan
$139.99,'050743654053,,https://shop.mgae.com/collections/all-1/products/cape-cottage-playhouse-blue
$149.99,'035051583721,,https://shop.mgae.com/collections/all-1/products/rainbow-high-tentpole-playset
$34.99,'689202919923,,https://shop.mgae.com/collections/all-1/products/baby-born-birthday-baby-doll-harper
$34.99,'035051523734,,https://shop.mgae.com/collections/all-1/products/mgas-miniverse-make-it-mini-harry-potter%E2%84%A2-honeydukes%E2%84%A2-playset
$39.99,'050743643972,,https://shop.mgae.com/collections/all-1/products/frog-pond-water-table
$35.99,'035051547785,,https://shop.mgae.com/collections/all-1/products/mgas-miniverse-make-it-mini-valentines-mini-collectibles-3-pack
$119.99,'035051502203,,https://shop.mgae.com/collections/all-1/products/rainbow-high-townhouse
$39.99,'035051534570,,https://shop.mgae.com/collections/all-1/products/mgas-miniverse-make-it-mini-kitchen
$39.99,'050743663284,,https://shop.mgae.com/collections/all-1/products/big-adventures-metal-detector-mining-truck
$39.99,'050743642340,,https://shop.mgae.com/collections/all-1/products/totsports-easy-score-basketball-set-with-3-basketballs
$39.99,'689202919787,,https://shop.mgae.com/collections/all-1/products/baby-born-learn-to-walk-doll-annabell
$39.99,'035051525424,,https://shop.mgae.com/collections/all-1/products/cartuned-series-1-8-pack
$39.99,'050743647444,,https://shop.mgae.com/collections/all-1/products/little-tikes-totsports-easy-score-pink-basketball-set-with-3-basketballs
$49.99,'050743659591,,https://shop.mgae.com/collections/all-1/products/little-tikes-learn-play-look-learn-window
$39.99,'035051525431,,https://shop.mgae.com/collections/all-1/products/cartuned-series-2-8-pack
$34.99,'689202919916,,https://shop.mgae.com/collections/all-1/products/baby-born-birthday-baby-doll-ava
$49.99,'689202918599,,https://shop.mgae.com/collections/all-1/products/baby-born-my-real-baby-doll-annabell-realistic-soft-bodied-baby-doll
$49.99,'689202918612,,https://shop.mgae.com/collections/all-1/products/baby-born-my-real-baby-doll-harper-realistic-soft-bodied-baby-doll
$49.99,'035051591559,,https://shop.mgae.com/collections/all-1/products/lol-surprise-omg-i-am-rescue-vet-set
$42.99,'035051560227,,https://shop.mgae.com/collections/all-1/products/moj-moj-claw-machine
$49.99,'689202918605,,https://shop.mgae.com/collections/all-1/products/baby-born-my-real-baby-doll-ava-realistic-soft-bodied-baby-doll
$49.99,'035051541301,,https://shop.mgae.com/collections/all-1/products/mgas-miniverse-make-it-mini-mega-buffet
$49.99,'050743637803,,https://shop.mgae.com/collections/all-1/products/little-tikes-fish-n-splash-water-table
$49.99,'035051531166,,https://shop.mgae.com/collections/all-1/products/mgas-miniverse-make-it-mini-harry-potter-build-it-set
$49.99,'689202919800,,https://shop.mgae.com/collections/all-1/products/baby-born-learn-to-walk-doll-harper
$49.99,'035051540182,,https://shop.mgae.com/collections/all-1/products/mgas-miniverse-make-it-mini-botanical-deluxe-set
$49.99,'689202919794,,https://shop.mgae.com/collections/all-1/products/baby-born-learn-to-walk-doll-olivia
$50.00,'050743663734,,https://shop.mgae.com/collections/all-1/products/little-tikes-story-dream-machine
$53.99,'035051570189,17,https://shop.mgae.com/collections/all-1/products/l-o-l-surprise-tiny-toys-18pk
$51.99,'050743660603,,https://shop.mgae.com/collections/all-1/products/little-tikes-glow-stick-scooter
$54.99,'035051578475,,https://shop.mgae.com/collections/all-1/products/rainbow-high-color-change-pool-beach-club-playset
$54.99,'050743620300,,https://shop.mgae.com/collections/all-1/products/little-tikes-spiralin-seas-waterpark
$54.99,'035051580652,,https://shop.mgae.com/collections/all-1/products/lol-surprise-mall-of-surprises-with-50-surprises
$49.99,'035051528364,,https://shop.mgae.com/collections/all-1/products/lol-surprise-hair-beads-salon
$50.99,'050743653087,33,https://shop.mgae.com/collections/all-1/products/viro-rides-vr-compact-letters
$56.99,'050743651427,,https://shop.mgae.com/collections/all-1/products/first-fridge
$59.99,'035051592778,,https://shop.mgae.com/collections/all-1/products/rainbow-high-2-pack-sunny-luna
$59.99,'035051593218,,https://shop.mgae.com/collections/all-1/products/lol-surprise-squish-sand-magic-house-w-tot
$60.00,',,https://shop.mgae.com/collections/all-1/products/make-it-mini-birthday-cake-exclusive-unboxing-experience-and-gift-set-4-pack
$69.99,'050743660429,,https://shop.mgae.com/collections/all-1/products/little-tikes-easy-store-water-table
$58.49,'035051577256,,https://shop.mgae.com/collections/all-1/products/lol-surprise-hd-studio-camera-high-definition-camera-for-photos-and-videos
$64.99,'050743642722,,https://shop.mgae.com/collections/all-1/products/princess-cozy-coupe
$64.99,'050743642302,,https://shop.mgae.com/collections/all-1/products/cozy-coupe
