UPC,Price,Variant,Source URL
810120929781,49.98,Default Title,https://www.hotelcollection.com/products/eye-mask-blass-beauty-balm-bundle?variant=46028785483942
810118947919,42.95,30,https://www.hotelcollection.com/products/sweetest-taboo-pods?variant=45581732806822
810118947896,65.95,45,https://www.hotelcollection.com/products/sweetest-taboo-pods?variant=45581288964262
810118940804,49.95,Default Title,https://www.hotelcollection.com/products/sweetest-taboo-room-spray?variant=45581279232166
810118949432,259.95,Default Title,https://www.hotelcollection.com/products/smells-like-love-gift-set?variant=45581288210598
,49.95,Default Title,https://www.hotelcollection.com/products/sweetest-taboo-reed-diffuser?variant=45581283524774
810118940132,49.95,Black,https://www.hotelcollection.com/products/sweetest-taboo-candle?variant=45581279428774
810118940644,54.95,Default Title,https://www.hotelcollection.com/products/sweetest-taboo-hourglass-diffuser-oil?variant=45581280182438
810161640584,54.95,Pro-Pod™ / 30mL,https://www.hotelcollection.com/products/leo?variant=45248691044518
,79.95,My Way,https://www.hotelcollection.com/products/paris-collection-candle-duo?variant=46424642781350
810118947582,24.95,Bone,https://www.hotelcollection.com/products/petite-ceramic-sand-wax-vessel?variant=44829207167142
,79.95,Dream On,https://www.hotelcollection.com/products/paris-collection-candle-duo?variant=46424642814118
810118947599,24.95,Charcoal,https://www.hotelcollection.com/products/petite-ceramic-sand-wax-vessel?variant=44829207199910
,79.95,Escapade,https://www.hotelcollection.com/products/paris-collection-candle-duo?variant=46424642846886
,79.95,Chandelier,https://www.hotelcollection.com/products/paris-collection-candle-duo?variant=46424642879654
810118946691,54.95,Pattern,https://www.hotelcollection.com/products/classic-the-force-candle?variant=45581291520166
810118946707,54.95,Yoda Line Art,https://www.hotelcollection.com/products/classic-the-force-candle?variant=45581445267622
810161641178,164.85,Default Title,https://www.hotelcollection.com/products/earth-astrology-set?variant=45307072938150
810118949401,49.95,Default Title,https://www.hotelcollection.com/products/bonbori-reed-diffuser?variant=45581353549990
,449.95,Black,https://www.hotelcollection.com/products/acoustic-tower-pro%E2%84%A2-scent-diffuser?variant=45762048491686
,449.95,Space Gray,https://www.hotelcollection.com/products/acoustic-tower-pro%E2%84%A2-scent-diffuser?variant=45762048524454
,449.95,Champagne,https://www.hotelcollection.com/products/acoustic-tower-pro%E2%84%A2-scent-diffuser?variant=45762048557222
,27.95,Single,https://www.hotelcollection.com/products/cabernet-sauvignon-32?variant=43845590220966
,89.00,Case of 4,https://www.hotelcollection.com/products/cabernet-sauvignon-32?variant=43845590253734
,159.00,Case of 6,https://www.hotelcollection.com/products/cabernet-sauvignon-32?variant=43845590286502
,318.95,Case of 12,https://www.hotelcollection.com/products/cabernet-sauvignon-32?variant=43845590319270
810161640140,242.90,Default Title,https://www.hotelcollection.com/products/smart-car-diffuser-my-way-smart-car-diffuser-oil-bundle?variant=45581287948454
810118946653,54.95,Pattern,https://www.hotelcollection.com/products/classic-rebel-spirit-candle?variant=45581291356326
810118946660,54.95,Twin Suns,https://www.hotelcollection.com/products/classic-rebel-spirit-candle?variant=45581446217894
810161641185,164.85,Default Title,https://www.hotelcollection.com/products/water-astrology-set?variant=45307072774310
810118941153,139.95,My Way,https://www.hotelcollection.com/products/candle-trio-gift-set?variant=45581283098790
810118941146,139.95,Dream On,https://www.hotelcollection.com/products/candle-trio-gift-set?variant=45581431308454
810118941160,139.95,Black Velvet,https://www.hotelcollection.com/products/candle-trio-gift-set?variant=45581431505062
810118945144,139.95,Variety Pack,https://www.hotelcollection.com/products/candle-trio-gift-set?variant=45581431701670
810161641215,659.40,Default Title,https://www.hotelcollection.com/products/astrology-collection-discovery-set?variant=45307072544934
810118941160,99.95,Default Title,https://www.hotelcollection.com/products/my-way-gift-set?variant=45581282443430
810161640577,54.95,Pro-Pod™ / 30mL,https://www.hotelcollection.com/products/cancer?variant=45248690913446
810118947476,49.95,Black,https://www.hotelcollection.com/products/classic-botanical-garden-candle?variant=45581358727334
810118941849,259.95,Default Title,https://www.hotelcollection.com/products/ultimate-relaxation-gift-set?variant=45581286506662
860008971852,149.95,Black,https://www.hotelcollection.com/products/deluxe-sweetest-taboo-candle?variant=45581281624230
810118940040,149.95,White,https://www.hotelcollection.com/products/deluxe-sweetest-taboo-candle?variant=45581431177382
810161640775,49.95,Default Title,https://www.hotelcollection.com/products/riviera-reed-diffuser?variant=45581364658342
810118941900,14.95,Default Title,https://www.hotelcollection.com/products/luggage-tag?variant=45581285982374
,698.95,Champagne,https://www.hotelcollection.com/products/luggage-bundle?variant=45937227727014
810118948251,698.95,Black,https://www.hotelcollection.com/products/luggage-bundle?variant=45581288669350
810118948244,698.95,Navy,https://www.hotelcollection.com/products/luggage-bundle?variant=45581441761446
810120929798,227.00,Default Title,https://www.hotelcollection.com/products/the-beauty-bundle?variant=46028735938726
,54.95,Pro-Pod™ / 30mL,https://www.hotelcollection.com/products/scorpio?variant=45248691568806
,79.95,My Way,https://www.hotelcollection.com/products/paris-collection-room-spray-duo?variant=46425948291238
,79.95,Dream On,https://www.hotelcollection.com/products/paris-collection-room-spray-duo?variant=46425948324006
,79.95,Escapade,https://www.hotelcollection.com/products/paris-collection-room-spray-duo?variant=46425948356774
,79.95,Chandelier,https://www.hotelcollection.com/products/paris-collection-room-spray-duo?variant=46425948389542
,79.95,24K Magic,https://www.hotelcollection.com/products/paris-collection-room-spray-duo?variant=46425949241510
810118942051,49.95,Default Title,https://www.hotelcollection.com/products/mountain-retreat-room-spray?variant=45581282312358
810161640218,1028.95,Navy,https://www.hotelcollection.com/products/travel-bundle?variant=44760509218982
810161640225,1028.95,Black,https://www.hotelcollection.com/products/travel-bundle?variant=44760509251750
810161640232,1028.95,Grey,https://www.hotelcollection.com/products/travel-bundle?variant=44760509284518
810118941870,69.95,Default Title,https://www.hotelcollection.com/products/charcuterie-board-set?variant=45581283852454
810161641116,49.95,Default Title,https://www.hotelcollection.com/products/mandarin-reed-diffuser?variant=45599638585510
810118948138,54.95,Pro-Pod™ / 30mL,https://www.hotelcollection.com/products/sweetest-taboo?variant=45581430194342
810118940309,54.95,Regular / 30mL,https://www.hotelcollection.com/products/sweetest-taboo?variant=45581283950758
810118940439,89.95,Regular / 120mL,https://www.hotelcollection.com/products/sweetest-taboo?variant=45581429702822
810118945519,119.95,Regular / 200mL,https://www.hotelcollection.com/products/sweetest-taboo?variant=45581429833894
810118940545,159.95,Regular / 500mL,https://www.hotelcollection.com/products/sweetest-taboo?variant=45581429997734
,54.95,Pro-Pod™ / 30mL,https://www.hotelcollection.com/products/pisces?variant=45248692158630
810161641192,164.85,Default Title,https://www.hotelcollection.com/products/fire-astrology-set?variant=45307072610470
810161640782,49.95,Black,https://www.hotelcollection.com/products/classic-riviera-candle?variant=45581365280934
,9.99,Default Title,https://www.hotelcollection.com/products/hotel-collection-wireless-pro-charging-base-black?variant=45581353091238
810118947025,59.95,Default Title,https://www.hotelcollection.com/products/large-travel-toiletry-bag?variant=45581288276134
,89.95,120mL,https://www.hotelcollection.com/products/diffusol?variant=44790906978470
,119.95,200mL,https://www.hotelcollection.com/products/diffusol?variant=44790907011238
8421950961197,39.95,Default Title,https://www.hotelcollection.com/products/cava-82?variant=43856888168614
810118942303,49.95,Default Title,https://www.hotelcollection.com/products/pinecones-holly-reed-diffuser?variant=45581290373286
810118945434,39.95,Black,https://www.hotelcollection.com/products/infinity-candle-sticks?variant=45581362856102
810118945731,39.95,Gold,https://www.hotelcollection.com/products/infinity-candle-sticks?variant=45581363085478
810118948480,49.95,Default Title,https://www.hotelcollection.com/products/canyon-lodge-reed-diffuser?variant=45581353779366
810161641208,164.85,Default Title,https://www.hotelcollection.com/products/air-astrology-set?variant=45307072708774
,99.95,My Way / 100mL,https://www.hotelcollection.com/products/paris-collection-room-spray?variant=46425758957734
810118947452,49.95,Default Title,https://www.hotelcollection.com/products/botanical-garden-room-spray?variant=45581292011686
810161640560,54.95,Pro-Pod™ / 30mL,https://www.hotelcollection.com/products/gemini?variant=45248690847910
810118940870,79.95,Classic / Silver,https://www.hotelcollection.com/products/chauffeur-car-diffuser?variant=45581283295398
810118946264,79.95,Star Wars™ / Light Side,https://www.hotelcollection.com/products/chauffeur-car-diffuser?variant=46330980761766
810118946271,79.95,Star Wars™ / Dark Side,https://www.hotelcollection.com/products/chauffeur-car-diffuser?variant=46330980794534
810161640881,79.95,Star Wars™ / R2-D2,https://www.hotelcollection.com/products/chauffeur-car-diffuser?variant=46330980827302
810118948886,99.99,Default Title,https://www.hotelcollection.com/products/5-in-1-wireless-charger?variant=45581354074278
,148.75,Black Velvet / Bone,https://www.hotelcollection.com/products/ceramic-sand-wax-set?variant=44828881977510
,148.75,Black Velvet / Charcoal,https://www.hotelcollection.com/products/ceramic-sand-wax-set?variant=44828883157158
,148.75,Dream On / Bone,https://www.hotelcollection.com/products/ceramic-sand-wax-set?variant=44828817588390
,148.75,Dream On / Charcoal,https://www.hotelcollection.com/products/ceramic-sand-wax-set?variant=44828883091622
,148.75,My Way / Bone,https://www.hotelcollection.com/products/ceramic-sand-wax-set?variant=44828817522854
,148.75,My Way / Charcoal,https://www.hotelcollection.com/products/ceramic-sand-wax-set?variant=44828883026086
,54.95,Pro-Pod™ / 30mL,https://www.hotelcollection.com/products/crystal-oud?variant=45581441335462
810118945830,54.95,Regular / 30mL,https://www.hotelcollection.com/products/crystal-oud?variant=45581287784614
810118945847,89.95,Regular / 120mL,https://www.hotelcollection.com/products/crystal-oud?variant=45581441171622
810118945854,119.95,Regular / 200mL,https://www.hotelcollection.com/products/crystal-oud?variant=45581441237158
810118945861,159.95,Regular / 500mL,https://www.hotelcollection.com/products/crystal-oud?variant=45581441269926
810118944987,299.95,Grey,https://www.hotelcollection.com/products/carry-on-luggage?variant=45581434126502
,54.95,Pro-Pod™ / 30mL,https://www.hotelcollection.com/products/dream-on?variant=45581431472294
810118940293,54.95,Regular / 30mL,https://www.hotelcollection.com/products/dream-on?variant=45581282607270
810118940408,89.95,Regular / 120mL,https://www.hotelcollection.com/products/dream-on?variant=45581430685862
8421950961173,26.95,Single,https://www.hotelcollection.com/products/merlot-45?variant=43845601722534
810118944963,299.95,Champagne,https://www.hotelcollection.com/products/carry-on-luggage?variant=45581434159270
810118945465,119.95,Regular / 200mL,https://www.hotelcollection.com/products/dream-on?variant=45581430980774
,89.00,Case of 4,https://www.hotelcollection.com/products/merlot-45?variant=43845601755302
,159.00,Case of 6,https://www.hotelcollection.com/products/merlot-45?variant=43845601788070
,299.00,Case of 12,https://www.hotelcollection.com/products/merlot-45?variant=43845601820838
810118946387,299.95,Black,https://www.hotelcollection.com/products/carry-on-luggage?variant=45581285949606
810118940514,159.95,Regular / 500mL,https://www.hotelcollection.com/products/dream-on?variant=45581431210150
810118946400,299.95,Navy,https://www.hotelcollection.com/products/carry-on-luggage?variant=45581434192038
810118948091,54.95,Pro-Pod™ / 30mL,https://www.hotelcollection.com/products/my-way?variant=45581431996582
810118940279,54.95,Regular / 30mL,https://www.hotelcollection.com/products/my-way?variant=45581280608422
810118946325,89.95,Regular / 120mL,https://www.hotelcollection.com/products/my-way?variant=45581430784166
810118945458,119.95,Regular / 200mL,https://www.hotelcollection.com/products/my-way?variant=45581431275686
810118940491,159.95,Regular / 500mL,https://www.hotelcollection.com/products/my-way?variant=45581431636134
810118948046,54.95,Pro-Pod™ / 30mL,https://www.hotelcollection.com/products/desert-rose-1?variant=45581431341222
810118940330,54.95,Regular / 30mL,https://www.hotelcollection.com/products/desert-rose-1?variant=45581280673958
810118940446,89.95,Regular / 120mL,https://www.hotelcollection.com/products/desert-rose-1?variant=45581429768358
810118945557,119.95,Regular / 200mL,https://www.hotelcollection.com/products/desert-rose-1?variant=45581430128806
810118940552,159.95,Regular / 500mL,https://www.hotelcollection.com/products/desert-rose-1?variant=45581430587558
810118948053,69.95,Pro-Pod™ / 30mL,https://www.hotelcollection.com/products/e11even?variant=45581433864358
810118941757,69.95,Regular / 30mL,https://www.hotelcollection.com/products/e11even?variant=45581286146214
810118945564,119.95,Regular / 200mL,https://www.hotelcollection.com/products/e11even?variant=45581433831590
810118940675,49.95,Default Title,https://www.hotelcollection.com/products/dream-on-reed-diffuser?variant=45581281329318
810118949562,49.95,My Way / Bone,https://www.hotelcollection.com/products/100ml-ceramic-reed-diffuser?variant=44841938321574
810118949579,49.95,My Way / Charcoal,https://www.hotelcollection.com/products/100ml-ceramic-reed-diffuser?variant=44841938485414
810118949609,49.95,Cabana / Bone,https://www.hotelcollection.com/products/100ml-ceramic-reed-diffuser?variant=44841938354342
810118949616,49.95,Cabana / Charcoal,https://www.hotelcollection.com/products/100ml-ceramic-reed-diffuser?variant=44841938518182
810118949647,49.95,Dream On / Bone,https://www.hotelcollection.com/products/100ml-ceramic-reed-diffuser?variant=44841938387110
810118949654,49.95,Dream On / Charcoal,https://www.hotelcollection.com/products/100ml-ceramic-reed-diffuser?variant=44841938550950
810118949685,49.95,24K Magic / Bone,https://www.hotelcollection.com/products/100ml-ceramic-reed-diffuser?variant=44841938419878
810118949692,49.95,24K Magic / Charcoal,https://www.hotelcollection.com/products/100ml-ceramic-reed-diffuser?variant=44841938583718
810118949722,49.95,Black Velvet / Bone,https://www.hotelcollection.com/products/100ml-ceramic-reed-diffuser?variant=44841938452646
810118949739,49.95,Black Velvet / Charcoal,https://www.hotelcollection.com/products/100ml-ceramic-reed-diffuser?variant=44841938616486
810118945755,79.95,Default Title,https://www.hotelcollection.com/products/cigar-ashtray?variant=45581286211750
810161640621,54.95,Pro-Pod™ / 30mL,https://www.hotelcollection.com/products/sagittarius?variant=45248691699878
810118948770,49.95,Colors / Black,https://www.hotelcollection.com/products/studio-pro-scent-diffuser?variant=45581363380390
810118948794,49.95,Colors / Space Gray,https://www.hotelcollection.com/products/studio-pro-scent-diffuser?variant=45581363445926
810118948787,49.95,Colors / Champagne,https://www.hotelcollection.com/products/studio-pro-scent-diffuser?variant=45581363544230
810161640850,49.95,Star Wars™ / Storm Trooper,https://www.hotelcollection.com/products/studio-pro-scent-diffuser?variant=45655836524710
810161640874,49.95,Star Wars™ / C-3PO,https://www.hotelcollection.com/products/studio-pro-scent-diffuser?variant=45655836557478
810161640867,49.95,Star Wars™ / Darth Vader,https://www.hotelcollection.com/products/studio-pro-scent-diffuser?variant=45655836491942
,49.95,Default Title,https://www.hotelcollection.com/products/my-way-room-spray?variant=45581279920294
810118940088,49.95,Black,https://www.hotelcollection.com/products/my-way-candle?variant=45581280280742
810118948008,54.95,Pro-Pod™ / 30mL,https://www.hotelcollection.com/products/24k-magic?variant=45581430456486
810118940309,54.95,Regular / 30mL,https://www.hotelcollection.com/products/24k-magic?variant=45581281198246
810118940422,89.95,Regular / 120mL,https://www.hotelcollection.com/products/24k-magic?variant=45581429801126
810118945496,119.95,Regular / 200mL,https://www.hotelcollection.com/products/24k-magic?variant=45581429964966
810118940538,159.95,Regular / 500mL,https://www.hotelcollection.com/products/24k-magic?variant=45581430227110
810118940668,49.95,Default Title,https://www.hotelcollection.com/products/cabana-reed-diffuser?variant=45581282836646
,54.95,Pro-Pod™ / 30mL,https://www.hotelcollection.com/products/black-velvet-1?variant=45581430718630
810118940309,54.95,Regular / 30mL,https://www.hotelcollection.com/products/black-velvet-1?variant=45581283197094
810118940415,89.95,Regular / 120mL,https://www.hotelcollection.com/products/black-velvet-1?variant=45581429932198
810118945502,119.95,Regular / 200mL,https://www.hotelcollection.com/products/black-velvet-1?variant=45581430292646
810118940521,159.95,Regular / 500mL,https://www.hotelcollection.com/products/black-velvet-1?variant=45581430423718
810118941894,128.95,Beige and Brown,https://www.hotelcollection.com/products/duffle-bag?variant=45581285884070
810118947971,128.95,Navy,https://www.hotelcollection.com/products/duffle-bag?variant=45581434847398
810118946998,128.95,Black,https://www.hotelcollection.com/products/duffle-bag?variant=45581434880166
810118947018,128.95,Grey,https://www.hotelcollection.com/products/duffle-bag?variant=45581434912934
810161640133,128.95,Champagne,https://www.hotelcollection.com/products/duffle-bag?variant=45581434945702
810118940101,49.95,Black,https://www.hotelcollection.com/products/dream-on-candle?variant=45581280149670
810118949036,49.95,Black,https://www.hotelcollection.com/products/classic-sakura-candle?variant=45581290209446
810118940651,49.95,Default Title,https://www.hotelcollection.com/products/my-way-reed-diffuser?variant=45581282246822
810118946356,49.95,Default Title,https://www.hotelcollection.com/products/utopia-reed-diffuser?variant=45581287719078
810118948022,54.95,Pro-Pod™ / 30mL,https://www.hotelcollection.com/products/california-love?variant=45581432193190
810118940354,54.95,Regular / 30mL,https://www.hotelcollection.com/products/california-love?variant=45581280805030
810118940460,89.95,Regular / 120mL,https://www.hotelcollection.com/products/california-love?variant=45581431439526
810118945526,119.95,Regular / 200mL,https://www.hotelcollection.com/products/california-love?variant=45581431767206
810118940583,159.95,Regular / 500mL,https://www.hotelcollection.com/products/california-love?variant=45581432062118
810118940774,49.95,Default Title,https://www.hotelcollection.com/products/dream-on-room-spray?variant=45581282115750
,54.95,Pro-Pod™ / 30mL,https://www.hotelcollection.com/products/mystify?variant=45581432488102
810118940347,54.95,Regular / 30mL,https://www.hotelcollection.com/products/mystify?variant=45581282345126
810118940453,89.95,Regular / 120mL,https://www.hotelcollection.com/products/mystify?variant=45581431865510
810118945540,119.95,Regular / 200mL,https://www.hotelcollection.com/products/mystify?variant=45581432127654
810118940569,159.95,Regular / 500mL,https://www.hotelcollection.com/products/mystify?variant=45581432291494
810118948770,49.95,Colors / Black,https://www.hotelcollection.com/products/the-starter-kit?variant=46055123746982
810118948794,49.95,Colors / Space Gray,https://www.hotelcollection.com/products/the-starter-kit?variant=46055123779750
810118948787,49.95,Colors / Champagne,https://www.hotelcollection.com/products/the-starter-kit?variant=46055123812518
810161640867,49.95,Star Wars™ / Darth Vader,https://www.hotelcollection.com/products/the-starter-kit?variant=46055123845286
810161640850,49.95,Star Wars™ / Storm Trooper,https://www.hotelcollection.com/products/the-starter-kit?variant=46055123878054
810161640874,49.95,Star Wars™ / C-3PO,https://www.hotelcollection.com/products/the-starter-kit?variant=46055123910822
,64.95,Black Velvet / Bone,https://www.hotelcollection.com/products/petite-ceramic-sand-wax-set?variant=44828929687718
,64.95,Black Velvet / Charcoal,https://www.hotelcollection.com/products/petite-ceramic-sand-wax-set?variant=44828929720486
,64.95,Dream On / Bone,https://www.hotelcollection.com/products/petite-ceramic-sand-wax-set?variant=44828929622182
,64.95,Dream On / Charcoal,https://www.hotelcollection.com/products/petite-ceramic-sand-wax-set?variant=44828929654950
,64.95,My Way / Bone,https://www.hotelcollection.com/products/petite-ceramic-sand-wax-set?variant=44828929556646
,64.95,My Way / Charcoal,https://www.hotelcollection.com/products/petite-ceramic-sand-wax-set?variant=44828929589414
810118940965,59.95,Default Title,https://www.hotelcollection.com/products/smoke-stem-white-wine-glasses?variant=45581282279590
810118945359,49.95,Default Title,https://www.hotelcollection.com/products/gps-tracker?variant=45581287227558
810118948084,54.95,Pro-Pod™ / 30mL,https://www.hotelcollection.com/products/midnight-in-paris?variant=45581429407910
810118940354,54.95,Regular / 30mL,https://www.hotelcollection.com/products/midnight-in-paris?variant=45581280772262
810118940460,89.95,Regular / 120mL,https://www.hotelcollection.com/products/midnight-in-paris?variant=45581429276838
810118945533,119.95,Regular / 200mL,https://www.hotelcollection.com/products/midnight-in-paris?variant=45581429309606
810118940576,159.95,Regular / 500mL,https://www.hotelcollection.com/products/midnight-in-paris?variant=45581429375142
810118947926,42.95,30,https://www.hotelcollection.com/products/black-velvet-pods?variant=45581289848998
810118947902,65.95,45,https://www.hotelcollection.com/products/black-velvet-pods?variant=45581443956902
,54.95,Pro-Pod™ / 30mL,https://www.hotelcollection.com/products/cabana?variant=45581431406758
810118940286,54.95,Regular / 30mL,https://www.hotelcollection.com/products/cabana?variant=45581280051366
810118940392,89.95,Regular / 120mL,https://www.hotelcollection.com/products/cabana?variant=45581430325414
810118945458,119.95,Regular / 200mL,https://www.hotelcollection.com/products/cabana?variant=45581430554790
810118940507,159.95,Regular / 500mL,https://www.hotelcollection.com/products/cabana?variant=45581430915238
8421950956841,1007.96,Single,https://www.hotelcollection.com/products/red-blend-19?variant=43848143700134
,89.00,Case of 4,https://www.hotelcollection.com/products/red-blend-19?variant=43848143732902
,159.00,Case of 6,https://www.hotelcollection.com/products/red-blend-19?variant=43848143765670
,299.00,Case of 12,https://www.hotelcollection.com/products/red-blend-19?variant=43848143798438
810161641710,54.95,Pro-Pod™ / 30mL,https://www.hotelcollection.com/products/aegean?variant=45700099145894
810161641666,89.95,Regular / 120mL,https://www.hotelcollection.com/products/aegean?variant=45700099047590
810161641673,119.95,Regular / 200mL,https://www.hotelcollection.com/products/aegean?variant=45700099080358
810161641680,159.95,Regular / 500mL,https://www.hotelcollection.com/products/aegean?variant=45700099113126
810118947483,49.95,Default Title,https://www.hotelcollection.com/products/escape-reed-diffuser-1?variant=45581289685158
810118941214,49.95,Default Title,https://www.hotelcollection.com/products/november-rain-reed-diffuser?variant=45581281591462
810118946035,49.95,Default Title,https://www.hotelcollection.com/products/paradise-room-spray?variant=45581289324710
810161641697,49.95,Default Title,https://www.hotelcollection.com/products/aegean-room-spray?variant=45702443958438
810118947049,79.95,Default Title,https://www.hotelcollection.com/products/luggage-harness?variant=45581288800422
810118948114,54.95,Pro-Pod™ / 30mL,https://www.hotelcollection.com/products/november-rain?variant=45581431144614
810118940378,54.95,Regular / 30mL,https://www.hotelcollection.com/products/november-rain?variant=45581284245670
810118940484,89.95,Regular / 120mL,https://www.hotelcollection.com/products/november-rain?variant=45581430259878
810118940590,159.95,Regular / 500mL,https://www.hotelcollection.com/products/november-rain?variant=45581430620326
810118941382,49.95,Default Title,https://www.hotelcollection.com/products/classic-warm-cinnamon-apple-candle?variant=45581281788070
810118941221,49.95,Default Title,https://www.hotelcollection.com/products/november-rain-room-spray?variant=45581279199398
860008971883,149.95,Black,https://www.hotelcollection.com/products/deluxe-california-love-candle?variant=45581281755302
810118940071,149.95,White,https://www.hotelcollection.com/products/deluxe-california-love-candle?variant=45581429571750
810118940170,42.95,My Way / 20mL,https://www.hotelcollection.com/products/car-diffuser-oil?variant=45581282508966
810118940194,42.95,Dream On / 20mL,https://www.hotelcollection.com/products/car-diffuser-oil?variant=45581432324262
810118940217,42.95,24K Magic / 20mL,https://www.hotelcollection.com/products/car-diffuser-oil?variant=45581432422566
810118940200,42.95,Black Velvet / 20mL,https://www.hotelcollection.com/products/car-diffuser-oil?variant=45581432520870
810118940224,42.95,Sweetest Taboo / 20mL,https://www.hotelcollection.com/products/car-diffuser-oil?variant=45581432586406
810118940231,42.95,Desert Rose / 20mL,https://www.hotelcollection.com/products/car-diffuser-oil?variant=45581432651942
810118940248,42.95,Mystify / 20mL,https://www.hotelcollection.com/products/car-diffuser-oil?variant=45581432717478
810118940255,42.95,Midnight in Paris / 20mL,https://www.hotelcollection.com/products/car-diffuser-oil?variant=45581432750246
810118940262,42.95,California Love / 20mL,https://www.hotelcollection.com/products/car-diffuser-oil?variant=45581432783014
810118940187,42.95,Cabana / 20mL,https://www.hotelcollection.com/products/car-diffuser-oil?variant=45581432815782
810118949456,42.95,Crystal Oud / 20mL,https://www.hotelcollection.com/products/car-diffuser-oil?variant=45581432848550
8421950956834,29.95,Single,https://www.hotelcollection.com/products/rose-29?variant=43848140751014
,91.95,Case of 4,https://www.hotelcollection.com/products/rose-29?variant=43848140783782
,136.95,Case of 6,https://www.hotelcollection.com/products/rose-29?variant=43848140816550
,273.95,Case of 12,https://www.hotelcollection.com/products/rose-29?variant=43848140849318
810118942471,99.95,Default Title,https://www.hotelcollection.com/products/dream-on-gift-set?variant=45581282803878
810118940606,54.95,Default Title,https://www.hotelcollection.com/products/my-way-hourglass-diffuser-oil?variant=45581281722534
810118943201,59.95,Default Title,https://www.hotelcollection.com/products/talentless-reed-diffuser?variant=45581286113446
810118941191,149.95,Black,https://www.hotelcollection.com/products/deluxe-desert-rose-candle?variant=45581280542886
810118941207,149.95,White,https://www.hotelcollection.com/products/deluxe-desert-rose-candle?variant=45581429244070
810161642106,49.95,Default Title,https://www.hotelcollection.com/products/echelon-room-spray?variant=45758117544102
860008971869,149.95,Black,https://www.hotelcollection.com/products/deluxe-mystify-candle?variant=45581282574502
810118941207,149.95,White,https://www.hotelcollection.com/products/deluxe-mystify-candle?variant=45581432225958
8421950956858,54.95,Single,https://www.hotelcollection.com/products/reserva-56?variant=43845793185958
,89.00,Case of 4,https://www.hotelcollection.com/products/reserva-56?variant=43845793218726
,159.00,Case of 6,https://www.hotelcollection.com/products/reserva-56?variant=43845793251494
,299.00,Case of 12,https://www.hotelcollection.com/products/reserva-56?variant=43845793284262
810161640645,54.95,Pro-Pod™ / 30mL,https://www.hotelcollection.com/products/aquarius?variant=45248691994790
,164.95,Regular,https://www.hotelcollection.com/products/the-star-wars-light-side-discovery-set?variant=46194444370086
,164.95,Pro-Pod™,https://www.hotelcollection.com/products/the-star-wars-light-side-discovery-set?variant=46194444402854
810118946264,79.95,Default Title,https://www.hotelcollection.com/products/star-wars-%E2%84%A2-chauffeur-car-diffuser?variant=45581290504358
810118940972,59.95,Default Title,https://www.hotelcollection.com/products/smoke-stem-coupe-glasses?variant=45581279264934
810118946721,149.95,White,https://www.hotelcollection.com/products/deluxe-jedi-candle?variant=45581291585702
810118947988,54.95,Pro-Pod™ / 30mL,https://www.hotelcollection.com/products/cascade?variant=45581443367078
810118944819,54.95,Regular / 30mL,https://www.hotelcollection.com/products/cascade?variant=45581289029798
810118944826,89.95,Regular / 120mL,https://www.hotelcollection.com/products/cascade?variant=45581443072166
810118945472,119.95,Regular / 200mL,https://www.hotelcollection.com/products/cascade?variant=45581443203238
810118944833,159.95,Regular / 500mL,https://www.hotelcollection.com/products/cascade?variant=45581443301542
810118946448,164.95,Regular,https://www.hotelcollection.com/products/the-stars-wars-dark-side-discovery-set?variant=46194454462630
,164.95,Pro-Pod™,https://www.hotelcollection.com/products/the-stars-wars-dark-side-discovery-set?variant=46194454495398
810118943195,49.95,Default Title,https://www.hotelcollection.com/products/talentless-room-spray?variant=45581286768806
43874160443558,85.95,Default Title,https://www.hotelcollection.com/products/wine-chiller-tumbler-set?variant=45581288931494
,42.95,20mL,https://www.hotelcollection.com/products/star-wars-%E2%84%A2-the-force-chauffeur-car-diffuser%E2%84%A2-oil?variant=46341749112998
810161640379,49.95,Default Title,https://www.hotelcollection.com/products/serpentine-reed-diffuser?variant=45581352829094
810118946714,149.95,White,https://www.hotelcollection.com/products/deluxe-the-duel-candle?variant=45581291421862
,54.95,Argentina,https://www.hotelcollection.com/products/around-the-world-my-way-candle?variant=46053017583782
,54.95,Australia,https://www.hotelcollection.com/products/around-the-world-my-way-candle?variant=46053017616550
,54.95,Brazil,https://www.hotelcollection.com/products/around-the-world-my-way-candle?variant=46053017649318
,54.95,Canada,https://www.hotelcollection.com/products/around-the-world-my-way-candle?variant=46053017682086
,54.95,China,https://www.hotelcollection.com/products/around-the-world-my-way-candle?variant=46053017714854
,54.95,France,https://www.hotelcollection.com/products/around-the-world-my-way-candle?variant=46053017747622
,54.95,Germany,https://www.hotelcollection.com/products/around-the-world-my-way-candle?variant=46053017780390
,54.95,India,https://www.hotelcollection.com/products/around-the-world-my-way-candle?variant=46053017813158
,54.95,Israel,https://www.hotelcollection.com/products/around-the-world-my-way-candle?variant=46053017845926
,54.95,Italy,https://www.hotelcollection.com/products/around-the-world-my-way-candle?variant=46053017878694
,54.95,Japan,https://www.hotelcollection.com/products/around-the-world-my-way-candle?variant=46053017911462
,54.95,Mexico,https://www.hotelcollection.com/products/around-the-world-my-way-candle?variant=46053017944230
,54.95,Norway,https://www.hotelcollection.com/products/around-the-world-my-way-candle?variant=46053017976998
,54.95,Russia,https://www.hotelcollection.com/products/around-the-world-my-way-candle?variant=46053018009766
,54.95,Singapore,https://www.hotelcollection.com/products/around-the-world-my-way-candle?variant=46053018042534
,54.95,South Korea,https://www.hotelcollection.com/products/around-the-world-my-way-candle?variant=46053018075302
,54.95,Sweden,https://www.hotelcollection.com/products/around-the-world-my-way-candle?variant=46053018108070
,54.95,Taiwan,https://www.hotelcollection.com/products/around-the-world-my-way-candle?variant=46053018140838
,54.95,UAE,https://www.hotelcollection.com/products/around-the-world-my-way-candle?variant=46053018173606
,54.95,USA,https://www.hotelcollection.com/products/around-the-world-my-way-candle?variant=46053018239142
,54.95,United Kingdom,https://www.hotelcollection.com/products/around-the-world-my-way-candle?variant=46053018206374
,54.95,Venezuela,https://www.hotelcollection.com/products/around-the-world-my-way-candle?variant=46053018271910
810118946042,49.95,Black,https://www.hotelcollection.com/products/classic-paradise-candle?variant=45581287162022
810118942136,49.95,Default Title,https://www.hotelcollection.com/products/iced-gingerbread-room-spray?variant=45581285163174
,279.95,Silver / Queen,https://www.hotelcollection.com/products/cotton-blend-midnight-sheet-set?variant=46067326714022
,299.95,Silver / King,https://www.hotelcollection.com/products/cotton-blend-midnight-sheet-set?variant=46067326746790
,279.95,White / Queen,https://www.hotelcollection.com/products/cotton-blend-midnight-sheet-set?variant=46067326779558
,299.95,White / King,https://www.hotelcollection.com/products/cotton-blend-midnight-sheet-set?variant=46067326812326
810118946714,149.95,Black,https://www.hotelcollection.com/products/deluxe-sith-candle?variant=45581291028646
,58.95,Default Title,https://www.hotelcollection.com/products/blanco-y-rosa-wine-set?variant=42091405246630
810118940996,89.96,Default Title,https://www.hotelcollection.com/products/wine-decanter?variant=45581284671654
,196.95,Black / S,https://www.hotelcollection.com/products/womens-luxe-bamboo-long-pj-set?variant=46151365099686
,196.95,Black / M,https://www.hotelcollection.com/products/womens-luxe-bamboo-long-pj-set?variant=46151365132454
,196.95,Black / L,https://www.hotelcollection.com/products/womens-luxe-bamboo-long-pj-set?variant=46151365165222
,196.95,Black / XL,https://www.hotelcollection.com/products/womens-luxe-bamboo-long-pj-set?variant=46151365197990
,196.95,Charcoal / S,https://www.hotelcollection.com/products/womens-luxe-bamboo-long-pj-set?variant=46151365230758
,196.95,Charcoal / M,https://www.hotelcollection.com/products/womens-luxe-bamboo-long-pj-set?variant=46151365263526
,196.95,Charcoal / L,https://www.hotelcollection.com/products/womens-luxe-bamboo-long-pj-set?variant=46151365296294
,196.95,Charcoal / XL,https://www.hotelcollection.com/products/womens-luxe-bamboo-long-pj-set?variant=46151365329062
810118942204,149.95,Default Title,https://www.hotelcollection.com/products/deluxe-fir-tree-candle?variant=45581288865958
,196.95,Black / S,https://www.hotelcollection.com/products/mens-luxe-bamboo-long-pj-set?variant=46151406813350
,196.95,Black / M,https://www.hotelcollection.com/products/mens-luxe-bamboo-long-pj-set?variant=46151406846118
,196.95,Black / L,https://www.hotelcollection.com/products/mens-luxe-bamboo-long-pj-set?variant=46151406878886
,196.95,Black / XL,https://www.hotelcollection.com/products/mens-luxe-bamboo-long-pj-set?variant=46151406911654
,196.95,Charcoal / S,https://www.hotelcollection.com/products/mens-luxe-bamboo-long-pj-set?variant=46151406944422
,196.95,Charcoal / M,https://www.hotelcollection.com/products/mens-luxe-bamboo-long-pj-set?variant=46151406977190
,196.95,Charcoal / L,https://www.hotelcollection.com/products/mens-luxe-bamboo-long-pj-set?variant=46151407009958
,196.95,Charcoal / XL,https://www.hotelcollection.com/products/mens-luxe-bamboo-long-pj-set?variant=46151407042726
810161641048,49.95,Default Title,https://www.hotelcollection.com/products/matsu-reed-diffuser?variant=45581364527270
810161642090,49.95,Default Title,https://www.hotelcollection.com/products/echelon-reed-diffuser?variant=45758078189734
8421950961180,56.95,Single,https://www.hotelcollection.com/products/rioja-reserva-50-2016?variant=43848106213542
810118942365,44.95,Default Title,https://www.hotelcollection.com/products/dark-smoke-stem-white-wine-glasses-pair-vip?variant=45581356892326
,216.95,Case of 4,https://www.hotelcollection.com/products/rioja-reserva-50-2016?variant=43848106246310
,324.95,Case of 6,https://www.hotelcollection.com/products/rioja-reserva-50-2016?variant=43848106279078
,649.95,Case of 12,https://www.hotelcollection.com/products/rioja-reserva-50-2016?variant=43848106311846
810120929910,39.00,Default Title,https://www.hotelcollection.com/products/the-lip-plumper?variant=46028785942694
,54.95,Pro-Pod™ / 30mL,https://www.hotelcollection.com/products/autumn-pine?variant=45774502887590
810118941269,54.95,Regular / 30mL,https://www.hotelcollection.com/products/autumn-pine?variant=45581281984678
810118941313,89.95,Regular / 120mL,https://www.hotelcollection.com/products/autumn-pine?variant=45581431832742
810118941368,159.95,Regular / 500mL,https://www.hotelcollection.com/products/autumn-pine?variant=45581432029350
,279.95,Silver / Queen,https://www.hotelcollection.com/products/sateen-cotton-retreat-sheet-set?variant=46067316883622
,299.95,Silver / King,https://www.hotelcollection.com/products/sateen-cotton-retreat-sheet-set?variant=46067316916390
,279.95,White / Queen,https://www.hotelcollection.com/products/sateen-cotton-retreat-sheet-set?variant=46067316949158
,299.95,White / King,https://www.hotelcollection.com/products/sateen-cotton-retreat-sheet-set?variant=46067316981926
810118947032,49.95,Default Title,https://www.hotelcollection.com/products/small-travel-toiletry-bag?variant=45581289160870
,226.95,Default Title,https://www.hotelcollection.com/products/wine-tasting-set-1?variant=43877509857446
,110.95,Default Title,https://www.hotelcollection.com/products/the-reds?variant=43877515919526
810118946301,99.95,Default Title,https://www.hotelcollection.com/products/star-wars%E2%84%A2-light-vs-dark-side-trio-set?variant=45463032627366
810118941863,229.95,Default Title,https://www.hotelcollection.com/products/cigar-humidor?variant=45581286342822
810118948077,54.95,Pro-Pod™ / 30mL,https://www.hotelcollection.com/products/island-life?variant=45587046105254
810118945625,54.95,Regular / 30mL,https://www.hotelcollection.com/products/island-life?variant=45581287424166
810118945632,89.95,Regular / 120mL,https://www.hotelcollection.com/products/island-life?variant=45581441400998
810118945649,159.95,Regular / 500mL,https://www.hotelcollection.com/products/island-life?variant=45581441433766
810118946288,99.95,Default Title,https://www.hotelcollection.com/products/star-wars-%E2%84%A2-light-side-trio-set?variant=45462941827238
,279.95,Silver / Queen,https://www.hotelcollection.com/products/sateen-cotton-oasis-sheet-set?variant=46061731840166
,299.95,Silver / King,https://www.hotelcollection.com/products/sateen-cotton-oasis-sheet-set?variant=46061731872934
,279.95,White / Queen,https://www.hotelcollection.com/products/sateen-cotton-oasis-sheet-set?variant=46061731905702
,299.95,White / King,https://www.hotelcollection.com/products/sateen-cotton-oasis-sheet-set?variant=46061731938470
,54.95,Pro-Pod™ / 30mL,https://www.hotelcollection.com/products/pinecones-holly?variant=45856745390246
810118942235,54.95,Regular / 30mL,https://www.hotelcollection.com/products/pinecones-holly?variant=45581283557542
810118942334,89.95,Regular / 120mL,https://www.hotelcollection.com/products/pinecones-holly?variant=45581429866662
810118942266,159.95,Regular / 500mL,https://www.hotelcollection.com/products/pinecones-holly?variant=45581430096038
810120929873,34.50,Default Title,https://www.hotelcollection.com/products/the-gua-sha?variant=46028785811622
,125.95,Default Title,https://www.hotelcollection.com/products/essential-set?variant=43877516116134
810120929866,19.99,White / Pure Cotton,https://www.hotelcollection.com/products/the-eye-mask?variant=46028785877158
810118940682,49.95,Default Title,https://www.hotelcollection.com/products/black-velvet-reed-diffuser?variant=45581283754150
810118942471,149.95,Black,https://www.hotelcollection.com/products/deluxe-my-way-candle?variant=45581283328166
810118944871,149.95,White,https://www.hotelcollection.com/products/deluxe-my-way-candle?variant=45581431603366
,54.95,Pro-Pod™ / 30mL,https://www.hotelcollection.com/products/warm-cinnamon-apple?variant=45774486012070
810118941245,54.95,Regular / 30mL,https://www.hotelcollection.com/products/warm-cinnamon-apple?variant=45581283590310
810118940637,54.95,Default Title,https://www.hotelcollection.com/products/24k-magic-hourglass-diffuser-oil?variant=45581282082982
810118941290,89.95,Regular / 120mL,https://www.hotelcollection.com/products/warm-cinnamon-apple?variant=45581432619174
810118941344,159.95,Regular / 500mL,https://www.hotelcollection.com/products/warm-cinnamon-apple?variant=45581432684710
810161640867,49.95,Darth Vader,https://www.hotelcollection.com/products/star-wars-studio-pro?variant=45642687971494
810161640850,49.95,Storm Trooper,https://www.hotelcollection.com/products/star-wars-studio-pro?variant=45642687938726
810161640874,49.95,C-3PO,https://www.hotelcollection.com/products/star-wars-studio-pro?variant=45642688004262
810118940699,49.95,Default Title,https://www.hotelcollection.com/products/24k-magic-reed-diffuser?variant=45581281460390
8421950961180,99.95,Single,https://www.hotelcollection.com/products/reserva-57-magnum-2016?variant=43848158118054
,379.95,Case of 4,https://www.hotelcollection.com/products/reserva-57-magnum-2016?variant=43848158150822
,569.95,Case of 6,https://www.hotelcollection.com/products/reserva-57-magnum-2016?variant=43848158183590
,1139.95,Case of 12,https://www.hotelcollection.com/products/reserva-57-magnum-2016?variant=43848158216358
,54.95,Pro-Pod™ / 30mL,https://www.hotelcollection.com/products/mountain-retreat?variant=45856739819686
,54.95,Regular / 30mL,https://www.hotelcollection.com/products/mountain-retreat?variant=45856739786918
,89.95,Regular / 120mL,https://www.hotelcollection.com/products/mountain-retreat?variant=45856974209190
810118941993,159.95,Regular / 500mL,https://www.hotelcollection.com/products/mountain-retreat?variant=45581284442278
810118946295,99.95,Default Title,https://www.hotelcollection.com/products/star-wars%E2%84%A2-dark-side-trio-set?variant=45463025582246
,54.95,Pro-Pod™ / 30mL,https://www.hotelcollection.com/products/libra?variant=45248691339430
810118940781,49.95,Default Title,https://www.hotelcollection.com/products/black-velvet-room-spray?variant=45581280575654
810118940798,49.95,Default Title,https://www.hotelcollection.com/products/24k-magic-room-spray?variant=45581280379046
810118940118,49.95,Black,https://www.hotelcollection.com/products/black-velvet-candle?variant=45581279723686
810118948398,54.95,Pro-Pod™ / 30mL,https://www.hotelcollection.com/products/botanical-garden?variant=45581446086822
,54.95,Pro-Pod™ / 30mL,https://www.hotelcollection.com/products/fir-tree?variant=45856666910886
,54.95,Pro-Pod™ / 30mL,https://www.hotelcollection.com/products/serpentine?variant=45581363347622
810118940835,49.95,Default Title,https://www.hotelcollection.com/products/midnight-in-paris-room-spray?variant=45581279461542
810118945885,49.95,Default Title,https://www.hotelcollection.com/products/crystal-oud-reed-diffuser?variant=45581288833190
810118947414,54.95,Regular / 30mL,https://www.hotelcollection.com/products/botanical-garden?variant=45581291552934
,54.95,Regular / 30mL,https://www.hotelcollection.com/products/fir-tree?variant=45581286965414
810161640348,89.95,Regular / 120mL,https://www.hotelcollection.com/products/serpentine?variant=45581362888870
810118947421,89.95,Regular / 120mL,https://www.hotelcollection.com/products/botanical-garden?variant=45581445988518
810118947438,119.95,Regular / 200mL,https://www.hotelcollection.com/products/botanical-garden?variant=45581446021286
810118947445,159.95,Regular / 500mL,https://www.hotelcollection.com/products/botanical-garden?variant=45581446054054
,89.95,Regular / 120mL,https://www.hotelcollection.com/products/fir-tree?variant=45856958251174
810161640331,119.95,Regular / 200mL,https://www.hotelcollection.com/products/serpentine?variant=45581363216550
810161640355,159.95,Regular / 500mL,https://www.hotelcollection.com/products/serpentine?variant=45587149127846
,159.95,Regular / 500mL,https://www.hotelcollection.com/products/fir-tree?variant=45856958283942
810118940156,49.95,Black,https://www.hotelcollection.com/products/midnight-in-paris-candle?variant=45581279756454
810118940095,49.95,Black,https://www.hotelcollection.com/products/cabana-candle?variant=45581281525926
,54.95,Pro-Pod™ / 30mL,https://www.hotelcollection.com/products/matsu?variant=45581362790566
810161641000,89.95,Regular / 120mL,https://www.hotelcollection.com/products/matsu?variant=45587230687398
810161641017,119.95,Regular / 200mL,https://www.hotelcollection.com/products/matsu?variant=45587230720166
810161641024,159.95,Regular / 500mL,https://www.hotelcollection.com/products/matsu?variant=45587230752934
810118948121,54.95,Pro-Pod™ / 30mL,https://www.hotelcollection.com/products/paradise?variant=45581442973862
810120926674,54.95,Regular / 30mL,https://www.hotelcollection.com/products/paradise?variant=45581288145062
810118946011,89.95,Regular / 120mL,https://www.hotelcollection.com/products/paradise?variant=45581442777254
810118946066,119.95,Regular / 200mL,https://www.hotelcollection.com/products/paradise?variant=45581442810022
810118946028,159.95,Regular / 500mL,https://www.hotelcollection.com/products/paradise?variant=45581442908326
810118940736,49.95,Default Title,https://www.hotelcollection.com/products/midnight-in-paris-reed-diffuser?variant=45581279625382
810118940163,49.95,Black,https://www.hotelcollection.com/products/california-love-candle?variant=45581283917990
810118940743,49.95,Default Title,https://www.hotelcollection.com/products/california-love-reed-diffuser?variant=45581283033254
,54.95,Pro-Pod™ / 30mL,https://www.hotelcollection.com/products/wander?variant=46474140254374
,54.95,Regular / 50mL,https://www.hotelcollection.com/products/wander?variant=46474140287142
,159.95,Regular / 500mL,https://www.hotelcollection.com/products/wander?variant=46474140385446
,54.95,Default Title,https://www.hotelcollection.com/products/meet-the-whites?variant=43877516673190
810118940767,49.95,Default Title,https://www.hotelcollection.com/products/cabana-room-spray?variant=45581281034406
810118948268,42.95,30,https://www.hotelcollection.com/products/my-way-pods?variant=45581364297894
810118948275,65.95,45,https://www.hotelcollection.com/products/my-way-pods?variant=45581364330662
8421950961234,499.95,Single,https://www.hotelcollection.com/products/reserva-58-double-magnum?variant=43848175059110
,1899.95,Case of 4,https://www.hotelcollection.com/products/reserva-58-double-magnum?variant=43848175091878
,2849.95,Case of 6,https://www.hotelcollection.com/products/reserva-58-double-magnum?variant=43848175124646
,5699.95,Case of 12,https://www.hotelcollection.com/products/reserva-58-double-magnum?variant=43848175157414
810118948060,54.95,Pro-Pod™ / 30mL,https://www.hotelcollection.com/products/escape-1?variant=45581444481190
810118941689,54.95,Regular / 30mL,https://www.hotelcollection.com/products/escape-1?variant=45581289619622
810118941696,89.95,Regular / 120mL,https://www.hotelcollection.com/products/escape-1?variant=45581444317350
810118941702,159.95,Regular / 500mL,https://www.hotelcollection.com/products/escape-1?variant=45581444415654
,88.95,Default Title,https://www.hotelcollection.com/products/roja-wine-set?variant=42091400921254
,279.95,Silver / Queen,https://www.hotelcollection.com/products/sateen-cotton-nightfall-sheet-set?variant=46061788168358
,299.95,Silver / King,https://www.hotelcollection.com/products/sateen-cotton-nightfall-sheet-set?variant=46061788201126
,279.95,White / Queen,https://www.hotelcollection.com/products/sateen-cotton-nightfall-sheet-set?variant=46061788233894
,299.95,White / King,https://www.hotelcollection.com/products/sateen-cotton-nightfall-sheet-set?variant=46061788266662
810120929859,45.00,200 mL,https://www.hotelcollection.com/products/the-coconut-body-butter?variant=46028785746086
810120929842,39.00,150 mL,https://www.hotelcollection.com/products/the-coconut-body-butter?variant=46028785778854
810120929828,39.50,Default Title,https://www.hotelcollection.com/products/the-cleansing-brush?variant=46028736069798
810118940613,54.95,Default Title,https://www.hotelcollection.com/products/dream-on-hourglass-diffuser-oil-1?variant=45581282672806
810120929903,29.99,Default Title,https://www.hotelcollection.com/products/the-jelly-cleanser?variant=46028786040998
810118940620,54.95,Default Title,https://www.hotelcollection.com/products/black-velvet-hourglass-diffuser-oil-1?variant=45581280018598
810120929965,45.00,200 mL,https://www.hotelcollection.com/products/the-rose-body-butter?variant=46028786270374
810120929958,39.00,150 mL,https://www.hotelcollection.com/products/the-rose-body-butter?variant=46028786303142
810118940941,49.95,Default Title,https://www.hotelcollection.com/products/wine-accessory-set?variant=45581282476198
810118942112,149.95,Default Title,https://www.hotelcollection.com/products/deluxe-iced-gingerbread-candle?variant=45581286736038
810120929972,98.00,Default Title,https://www.hotelcollection.com/products/the-self-care-set?variant=46028786139302
,49.95,Default Title,https://www.hotelcollection.com/products/wander-room-spray?variant=46487451795622
810161640638,54.95,Pro-Pod™ / 30mL,https://www.hotelcollection.com/products/capricorn?variant=45248691896486
810120920351,170.00,Default Title,https://www.hotelcollection.com/products/the-smart-eye-massager-starter-kit?variant=46028786532518
810118946974,199.95,Navy,https://www.hotelcollection.com/products/travel-backpack?variant=45699963191462
810118942372,199.95,Black,https://www.hotelcollection.com/products/travel-backpack?variant=45581281099942
810118946981,199.95,Grey,https://www.hotelcollection.com/products/travel-backpack?variant=45699963224230
,79.95,Nude,https://www.hotelcollection.com/products/tumbler-4-pack?variant=46413070074022
,79.95,Grey,https://www.hotelcollection.com/products/tumbler-4-pack?variant=46413070106790
,242.90,Default Title,https://www.hotelcollection.com/products/chauffeur-car-diffuser-chauffeur-car-diffuser-oil?variant=45952817332390
810118942037,149.95,Default Title,https://www.hotelcollection.com/products/deluxe-mountain-retreat-candle?variant=45581282410662
,109.95,My Way,https://www.hotelcollection.com/products/paris-collection-candle-trio?variant=46424661524646
,109.95,Dream On,https://www.hotelcollection.com/products/paris-collection-candle-trio?variant=46424661557414
,109.95,Escapade,https://www.hotelcollection.com/products/paris-collection-candle-trio?variant=46424661590182
,109.95,Chandelier,https://www.hotelcollection.com/products/paris-collection-candle-trio?variant=46424661622950
810120929804,14.99,Default Title,https://www.hotelcollection.com/products/the-blass-beauty-balm?variant=46028785615014
8421950961241,249.95,Single,https://www.hotelcollection.com/products/rose-28-double-magnum?variant=43848162476198
,949.95,Case of 4,https://www.hotelcollection.com/products/rose-28-double-magnum?variant=43848162508966
,1424.95,Case of 6,https://www.hotelcollection.com/products/rose-28-double-magnum?variant=43848162541734
,2849.95,Case of 12,https://www.hotelcollection.com/products/rose-28-double-magnum?variant=43848162574502
,54.95,Pro-Pod™ / 30mL,https://www.hotelcollection.com/products/vanilla-brulee?variant=45774508196006
810118941276,54.95,Regular / 30mL,https://www.hotelcollection.com/products/vanilla-brulee?variant=45581284475046
810118941320,89.95,Regular / 120mL,https://www.hotelcollection.com/products/vanilla-brulee?variant=45581433766054
810118941375,159.95,Regular / 500mL,https://www.hotelcollection.com/products/vanilla-brulee?variant=45581433798822
810120929811,79.00,3-Pack,https://www.hotelcollection.com/products/the-balm-3-pack?variant=46028785549478
,38.00,Single Stick,https://www.hotelcollection.com/products/the-balm-3-pack?variant=46028785582246
810120929880,49.49,Default Title,https://www.hotelcollection.com/products/the-gua-sha-primer-duo?variant=46028785713318
8421950961203,99.95,Default Title,https://www.hotelcollection.com/products/cava-84-magnum?variant=44778458316966
810118946455,274.95,Regular,https://www.hotelcollection.com/products/the-star-wars-light-vs-dark-side-discovery-set?variant=46194419433638
,274.95,Pro-Pod™,https://www.hotelcollection.com/products/the-star-wars-light-vs-dark-side-discovery-set?variant=46194419466406
810118940989,59.95,Default Title,https://www.hotelcollection.com/products/smoke-stem-champagne-glasses?variant=45581281689766
,129.95,Clear,https://www.hotelcollection.com/products/crossbody-bag?variant=46283908808870
,129.95,Champagne,https://www.hotelcollection.com/products/crossbody-bag?variant=46283908841638
,129.95,Black,https://www.hotelcollection.com/products/crossbody-bag?variant=46283908874406
810120925394,99.95,White,https://www.hotelcollection.com/products/paris-collection-hourglass-diffuser-1?variant=46424539168934
810120925400,99.95,Black,https://www.hotelcollection.com/products/paris-collection-hourglass-diffuser-1?variant=46424539201702
,79.95,My Way,https://www.hotelcollection.com/products/paris-collection-candle-trio-copy?variant=46425710821542
,79.95,Dream On,https://www.hotelcollection.com/products/paris-collection-candle-trio-copy?variant=46425710854310
,79.95,Escapade,https://www.hotelcollection.com/products/paris-collection-candle-trio-copy?variant=46425710887078
,79.95,Chandelier,https://www.hotelcollection.com/products/paris-collection-candle-trio-copy?variant=46425710919846
,79.95,24K Magic,https://www.hotelcollection.com/products/paris-collection-candle-trio-copy?variant=46425718948006
810161640881,79.95,Default Title,https://www.hotelcollection.com/products/star-wars-%E2%84%A2-r2d2-chauffeur-car-diffuser%E2%84%A2?variant=45655052452006
,49.95,Black,https://www.hotelcollection.com/products/classic-wander-candle?variant=46487463887014
810161640546,54.95,Pro-Pod™ / 30mL,https://www.hotelcollection.com/products/aries?variant=45248690552998
810118942228,49.95,Default Title,https://www.hotelcollection.com/products/fir-tree-reed-diffuser?variant=45581284966566
810118946349,49.95,Default Title,https://www.hotelcollection.com/products/utopia-room-spray?variant=45581288767654
810161642052,54.95,Pro-Pod™ / 30mL,https://www.hotelcollection.com/products/echelon?variant=45751224107174
810161642069,89.95,Regular / 120mL,https://www.hotelcollection.com/products/echelon?variant=45751224008870
810161642076,119.95,Regular / 200mL,https://www.hotelcollection.com/products/echelon?variant=45751224041638
810161642083,159.95,Regular / 500mL,https://www.hotelcollection.com/products/echelon?variant=45751224074406
810118946363,49.95,Black,https://www.hotelcollection.com/products/classic-utopia-candle?variant=45581288046758
810118941672,49.95,Default Title,https://www.hotelcollection.com/products/escape-room-spray?variant=45581289193638
810161641031,49.95,Default Title,https://www.hotelcollection.com/products/matsu-room-spray?variant=45430709092518
,42.95,30 / Sweetest Taboo,https://www.hotelcollection.com/products/laundry-pods?variant=45581365379238
,42.95,30 / Cabana,https://www.hotelcollection.com/products/laundry-pods?variant=45899474501798
,42.95,30 / My Way,https://www.hotelcollection.com/products/laundry-pods?variant=45899474534566
810161640164,119.95,Black,https://www.hotelcollection.com/products/luxury-tote?variant=45581362692262
,49.95,Default Title,https://www.hotelcollection.com/products/wander-reed-diffuser?variant=46487458283686
810118949029,49.95,Default Title,https://www.hotelcollection.com/products/sakura-reed-diffuser?variant=45581290995878
810161640362,49.95,Default Title,https://www.hotelcollection.com/products/serpentine-room-spray?variant=44962144714918
,54.95,Pro-Pod™ / 30mL,https://www.hotelcollection.com/products/crimson-woods?variant=45845102362790
810120929989,49.00,Default Title,https://www.hotelcollection.com/products/the-self-care-reed-diffuser?variant=46028786499750
,89.95,Regular / 120mL,https://www.hotelcollection.com/products/crimson-woods?variant=45845102264486
,119.95,Regular / 200mL,https://www.hotelcollection.com/products/crimson-woods?variant=45845102297254
,159.95,Regular / 500mL,https://www.hotelcollection.com/products/crimson-woods?variant=45845102330022
810118942532,69.95,Default Title,https://www.hotelcollection.com/products/travel-watch-case?variant=45581285621926
,49.00,Default Title,https://www.hotelcollection.com/products/the-self-care-candle?variant=46028786172070
810120929897,14.99,Default Title,https://www.hotelcollection.com/products/the-gua-sha-primer?variant=46028785844390
,54.95,Mickey Mouse,https://www.hotelcollection.com/products/disney-my-way-candle?variant=45917453910182
,54.95,Minnie Mouse,https://www.hotelcollection.com/products/disney-my-way-candle?variant=45917453942950
,54.95,Donald Duck,https://www.hotelcollection.com/products/disney-my-way-candle?variant=45917453975718
,54.95,Daisy Duck,https://www.hotelcollection.com/products/disney-my-way-candle?variant=45917454008486
,54.95,Pluto,https://www.hotelcollection.com/products/disney-my-way-candle?variant=45917454041254
,54.95,Goofy,https://www.hotelcollection.com/products/disney-my-way-candle?variant=45917454074022
,54.95,Ariel,https://www.hotelcollection.com/products/disney-my-way-candle?variant=45917454106790
,54.95,Snow White,https://www.hotelcollection.com/products/disney-my-way-candle?variant=45917454139558
,54.95,Cinderella,https://www.hotelcollection.com/products/disney-my-way-candle?variant=45917454172326
,54.95,Belle,https://www.hotelcollection.com/products/disney-my-way-candle?variant=45917454205094
,54.95,Tiana,https://www.hotelcollection.com/products/disney-my-way-candle?variant=45917454237862
,54.95,Jasmine,https://www.hotelcollection.com/products/disney-my-way-candle?variant=45917454270630
,54.95,Mulan,https://www.hotelcollection.com/products/disney-my-way-candle?variant=45917454303398
,54.95,Nightmare Before Christmas,https://www.hotelcollection.com/products/disney-my-way-candle?variant=45917454336166
,54.95,Haunted Mansion,https://www.hotelcollection.com/products/disney-my-way-candle?variant=45917454368934
,54.95,Beskar Glow,https://www.hotelcollection.com/products/star-wars%E2%84%A2-my-way-candle?variant=45832649474214
,54.95,The Mandalorian Creed,https://www.hotelcollection.com/products/star-wars%E2%84%A2-my-way-candle?variant=45832649506982
,54.95,Mandalore Moonlight,https://www.hotelcollection.com/products/star-wars%E2%84%A2-my-way-candle?variant=45832649539750
,54.95,Twilight Apprentice,https://www.hotelcollection.com/products/star-wars%E2%84%A2-my-way-candle?variant=45832649572518
,54.95,World Between Worlds,https://www.hotelcollection.com/products/star-wars%E2%84%A2-my-way-candle?variant=45832649605286
,54.95,Far Far Away…,https://www.hotelcollection.com/products/star-wars%E2%84%A2-my-way-candle?variant=45832649638054
,54.95,Dark Side Aura,https://www.hotelcollection.com/products/star-wars%E2%84%A2-my-way-candle?variant=45832649670822
,54.95,The Way,https://www.hotelcollection.com/products/star-wars%E2%84%A2-my-way-candle?variant=45832649703590
,55.00,3-Pack,https://www.hotelcollection.com/products/the-blass-beauty-balm-3-pack?variant=46028785647782
810118949395,49.95,Default Title,https://www.hotelcollection.com/products/bonbori-room-spray?variant=45581353418918
810118941665,49.95,Default Title,https://www.hotelcollection.com/products/mountain-retreat-reed-diffuser?variant=45581285425318
810118943171,149.95,Default Title,https://www.hotelcollection.com/products/cigar-travel-case?variant=45581285130406
810118949418,49.95,Black,https://www.hotelcollection.com/products/classic-bonbori-candle?variant=45581292044454
810161641703,49.95,Default Title,https://www.hotelcollection.com/products/aegean-reed-diffuser?variant=45702457786534
810118949012,49.95,Default Title,https://www.hotelcollection.com/products/sakura-room-spray?variant=44775359119526
810161641109,49.95,Default Title,https://www.hotelcollection.com/products/mandarin-room-spray?variant=45599601033382
810161640706,49.95,Black,https://www.hotelcollection.com/products/harris-presidential-candle?variant=45581365477542
810118948817,359.95,Default Title,https://www.hotelcollection.com/products/tower-pro-scent-diffuser?variant=46127254831270
810118947469,49.95,Default Title,https://www.hotelcollection.com/products/botanical-garden-reed-diffuser?variant=45581291815078
810118948473,49.95,Default Title,https://www.hotelcollection.com/products/canyon-lodge-room-spray?variant=45581290832038
810118945052,34.95,Default Title,https://www.hotelcollection.com/products/3d-sleeping-eye-mask?variant=45581285589158
,54.95,Pro-Pod™ / 30mL,https://www.hotelcollection.com/products/taurus?variant=45248690651302
810161640591,54.95,Pro-Pod™ / 30mL,https://www.hotelcollection.com/products/virgo?variant=45248691175590
810161640768,49.95,Default Title,https://www.hotelcollection.com/products/riviera-room-spray?variant=45269540176038
,54.95,Miami Heat,https://www.hotelcollection.com/products/nba-my-way-candle-collection?variant=45832648425638
,54.95,Los Angeles Lakers,https://www.hotelcollection.com/products/nba-my-way-candle-collection?variant=45832648458406
,54.95,Chicago Bulls,https://www.hotelcollection.com/products/nba-my-way-candle-collection?variant=45832648491174
,54.95,Golden State Warriors,https://www.hotelcollection.com/products/nba-my-way-candle-collection?variant=45832648523942
,54.95,Boston Celtics,https://www.hotelcollection.com/products/nba-my-way-candle-collection?variant=45832648556710
,54.95,Milwaukee Bucks,https://www.hotelcollection.com/products/nba-my-way-candle-collection?variant=45832648589478
,54.95,New York Knicks,https://www.hotelcollection.com/products/nba-my-way-candle-collection?variant=45832648622246
,54.95,Denver Nuggets,https://www.hotelcollection.com/products/nba-my-way-candle-collection?variant=45832648655014
,54.95,Dallas Mavericks,https://www.hotelcollection.com/products/nba-my-way-candle-collection?variant=45832648687782
,54.95,Orlando Magic,https://www.hotelcollection.com/products/nba-my-way-candle-collection?variant=45832648720550
,54.95,Sacramento Kings,https://www.hotelcollection.com/products/nba-my-way-candle-collection?variant=45832648753318
,54.95,Indiana Pacers,https://www.hotelcollection.com/products/nba-my-way-candle-collection?variant=45832648786086
,54.95,Cleveland Cavaliers,https://www.hotelcollection.com/products/nba-my-way-candle-collection?variant=45832648818854
,54.95,Utah Jazz,https://www.hotelcollection.com/products/nba-my-way-candle-collection?variant=45832648851622
,54.95,San Antonio Spurs,https://www.hotelcollection.com/products/nba-my-way-candle-collection?variant=45832648884390
,54.95,Toronto Raptors,https://www.hotelcollection.com/products/nba-my-way-candle-collection?variant=45832648917158
,54.95,Minnesota Timberwolves,https://www.hotelcollection.com/products/nba-my-way-candle-collection?variant=45832648949926
,54.95,Philadelphia 76ers,https://www.hotelcollection.com/products/nba-my-way-candle-collection?variant=45832648982694
,54.95,Houston Rockets,https://www.hotelcollection.com/products/nba-my-way-candle-collection?variant=45832649015462
,54.95,Brooklyn Nets,https://www.hotelcollection.com/products/nba-my-way-candle-collection?variant=45832649048230
,54.95,Memphis Grizzlies,https://www.hotelcollection.com/products/nba-my-way-candle-collection?variant=45832649080998
,54.95,Atlanta Hawks,https://www.hotelcollection.com/products/nba-my-way-candle-collection?variant=45832649113766
,54.95,New Orleans Pelicans,https://www.hotelcollection.com/products/nba-my-way-candle-collection?variant=45832649146534
,54.95,Charlotte Hornets,https://www.hotelcollection.com/products/nba-my-way-candle-collection?variant=45832649179302
,54.95,Oklahoma City Thunder,https://www.hotelcollection.com/products/nba-my-way-candle-collection?variant=45832649212070
,54.95,Portland Trail Blazers,https://www.hotelcollection.com/products/nba-my-way-candle-collection?variant=45832649244838
,54.95,Los Angeles Clippers,https://www.hotelcollection.com/products/nba-my-way-candle-collection?variant=45832649277606
,54.95,Detroit Pistons,https://www.hotelcollection.com/products/nba-my-way-candle-collection?variant=45832649310374
,54.95,Washington Wizards,https://www.hotelcollection.com/products/nba-my-way-candle-collection?variant=45832649343142
,54.95,Phoenix Suns,https://www.hotelcollection.com/products/nba-my-way-candle-collection?variant=45832649375910
810118941498,49.95,Default Title,https://www.hotelcollection.com/products/warm-cinnamon-apple-room-spray?variant=45581285687462
,9.99,Default Title,https://www.hotelcollection.com/products/hotel-collection-studio-wireless-pro-charging-cable?variant=45581291258022
,28.95,Single,https://www.hotelcollection.com/products/sauvignon-blanc-12?variant=43845290197158
,87.95,Case of 4,https://www.hotelcollection.com/products/sauvignon-blanc-12?variant=43845290229926
,137.95,Case of 6,https://www.hotelcollection.com/products/sauvignon-blanc-12?variant=43845290262694
,275.95,Case of 12,https://www.hotelcollection.com/products/sauvignon-blanc-12?variant=43845290295462
810118942143,49.95,Default Title,https://www.hotelcollection.com/products/iced-gingerbread-reed-diffuser?variant=45581285195942
810118946608,49.95,Default Title,https://www.hotelcollection.com/products/rebel-spirit-1?variant=45581354303654
810118946646,49.95,Default Title,https://www.hotelcollection.com/products/the-duel-1?variant=45581290307750
810161640287,199.95,Default Title,https://www.hotelcollection.com/products/gps-tracker-family-pack-x4?variant=45581289455782
,299.95,Default Title,https://www.hotelcollection.com/products/5-shelf-display?variant=43179817271462
810118942211,49.95,Default Title,https://www.hotelcollection.com/products/fir-tree-room-spray?variant=45581286408358
810118946615,49.95,Default Title,https://www.hotelcollection.com/products/the-dark-side-1?variant=45581290864806
8421950961210,431.96,Single,https://www.hotelcollection.com/products/rose-26-magnum?variant=43848148910246
,1007.96,Case of 4,https://www.hotelcollection.com/products/rose-26-magnum?variant=43848148943014
,302.37,Case of 6,https://www.hotelcollection.com/products/rose-26-magnum?variant=43848148975782
,302.37,Case of 12,https://www.hotelcollection.com/products/rose-26-magnum?variant=43848149008550
810161640867,49.95,Darth Vader,https://www.hotelcollection.com/products/the-star-wars-starter-kit?variant=46009907347622
810161640850,49.95,Storm Trooper,https://www.hotelcollection.com/products/the-star-wars-starter-kit?variant=46009907380390
810161640874,49.95,C-3PO,https://www.hotelcollection.com/products/the-star-wars-starter-kit?variant=46009907413158
,140.95,Default Title,https://www.hotelcollection.com/products/wine-tasting-set?variant=42091386667174
810118941641,149.95,Black,https://www.hotelcollection.com/products/deluxe-escape-candle-1?variant=45581289586854
810118947568,98.75,Bone,https://www.hotelcollection.com/products/grande-ceramic-sand-wax-vessel?variant=44829108469926
810118947575,98.75,Charcoal,https://www.hotelcollection.com/products/grande-ceramic-sand-wax-vessel?variant=44829108502694
810161641123,49.95,Black,https://www.hotelcollection.com/products/classic-mandarin-candle?variant=45599437553830
810161640386,49.95,Black,https://www.hotelcollection.com/products/classic-serpentine-candle?variant=45581358432422
810118944994,399.95,Grey,https://www.hotelcollection.com/products/check-in-luggage?variant=45581286801574
810118944970,399.95,Champagne,https://www.hotelcollection.com/products/check-in-luggage?variant=45581438419110
810118946394,399.95,Black,https://www.hotelcollection.com/products/check-in-luggage?variant=45581438517414
810118946417,399.95,Navy,https://www.hotelcollection.com/products/check-in-luggage?variant=45581438582950
810161640690,49.95,Black,https://www.hotelcollection.com/products/trump-presidential-candle?variant=45581362462886
,24.00,Default Title,https://www.hotelcollection.com/products/the-micro-trimmer?variant=46028786008230
810120929996,68.00,Default Title,https://www.hotelcollection.com/products/the-smart-eye-massager?variant=46028786565286
860008971821,149.95,Black,https://www.hotelcollection.com/products/deluxe-dream-on-candle?variant=45581282214054
810118940019,149.95,White,https://www.hotelcollection.com/products/deluxe-dream-on-candle?variant=45581431570598
,279.95,Silver / Queen,https://www.hotelcollection.com/products/sateen-cotton-grand-suite-sheet-set?variant=46067298500774
,299.95,Silver / King,https://www.hotelcollection.com/products/sateen-cotton-grand-suite-sheet-set?variant=46067298533542
,279.95,White / Queen,https://www.hotelcollection.com/products/sateen-cotton-grand-suite-sheet-set?variant=46067298566310
,299.95,White / King,https://www.hotelcollection.com/products/sateen-cotton-grand-suite-sheet-set?variant=46067298599078
810118940958,59.95,Set of 4,https://www.hotelcollection.com/products/smoke-stem-red-wine-glasses?variant=45581281427622
810118949449,79.95,Nappa,https://www.hotelcollection.com/products/candle-sleeve?variant=45581281656998
,79.95,Snake,https://www.hotelcollection.com/products/candle-sleeve?variant=45581429735590
810118945663,49.95,Default Title,https://www.hotelcollection.com/products/island-life-reed-diffuser?variant=45581286998182
810118948497,49.95,Black,https://www.hotelcollection.com/products/classic-canyon-lodge-candle?variant=45581290471590
,15.00,Default Title,https://www.hotelcollection.com/products/sand-wax-candle-wick-pack?variant=44829329719462
810118948503,54.95,Pro-Pod™ / 30mL,https://www.hotelcollection.com/products/star-wars-%E2%84%A2-the-force?variant=45581444743334
810118946080,54.95,Regular / 30mL,https://www.hotelcollection.com/products/star-wars-%E2%84%A2-the-force?variant=45581290045606
810118946097,159.95,Regular / 500mL,https://www.hotelcollection.com/products/star-wars-%E2%84%A2-the-force?variant=45581444612262
810118942570,39.95,Default Title,https://www.hotelcollection.com/products/4-in-1-wireless-charging-station?variant=45581287096486
860008971814,149.95,Black,https://www.hotelcollection.com/products/deluxe-cabana-candle?variant=45581280411814
810118940002,149.95,White,https://www.hotelcollection.com/products/deluxe-cabana-candle?variant=45581429538982
810118941856,24.95,Default Title,https://www.hotelcollection.com/products/wine-chiller-stick?variant=45581285097638
810118948510,54.95,Pro-Pod™ / 30mL,https://www.hotelcollection.com/products/the-dark-side?variant=45581443334310
810118946127,54.95,Regular / 30mL,https://www.hotelcollection.com/products/the-dark-side?variant=45581289488550
810118946134,159.95,Regular / 500mL,https://www.hotelcollection.com/products/the-dark-side?variant=45581443170470
810118945656,49.95,Default Title,https://www.hotelcollection.com/products/island-life-room-spray?variant=45581286473894
,54.95,Pro-Pod™ / 30mL,https://www.hotelcollection.com/products/sakura?variant=45581358006438
810118948978,54.95,Regular / 30mL,https://www.hotelcollection.com/products/sakura?variant=45581357514918
810118948985,89.95,Regular / 120mL,https://www.hotelcollection.com/products/sakura?variant=45581357809830
810118948992,119.95,Regular / 200mL,https://www.hotelcollection.com/products/sakura?variant=45587027558566
810118949005,159.95,Regular / 500mL,https://www.hotelcollection.com/products/sakura?variant=45587027591334
,42.95,Desert Dream,https://www.hotelcollection.com/products/nba-chauffeur-car-diffuser%E2%84%A2-oil?variant=46270264410278
,42.95,Empire Eau,https://www.hotelcollection.com/products/nba-chauffeur-car-diffuser%E2%84%A2-oil?variant=46270332076198
,42.95,Windy City Whiff,https://www.hotelcollection.com/products/nba-chauffeur-car-diffuser%E2%84%A2-oil?variant=46270333780134
,42.95,Mountain Mist,https://www.hotelcollection.com/products/nba-chauffeur-car-diffuser%E2%84%A2-oil?variant=46270335713446
,42.95,Emerald Essence,https://www.hotelcollection.com/products/nba-chauffeur-car-diffuser%E2%84%A2-oil?variant=46270337515686
,42.95,Antlered Aura,https://www.hotelcollection.com/products/nba-chauffeur-car-diffuser%E2%84%A2-oil?variant=46270342168742
,42.95,Heat Elite,https://www.hotelcollection.com/products/nba-chauffeur-car-diffuser%E2%84%A2-oil?variant=46270392041638
810118945670,49.95,Black,https://www.hotelcollection.com/products/classic-island-life-candle?variant=45581286932646
,299.95,Black,https://www.hotelcollection.com/products/acoustic-studio-pro-scent-diffuser?variant=45761977712806
,299.95,Space Gray,https://www.hotelcollection.com/products/acoustic-studio-pro-scent-diffuser?variant=45761977745574
,299.95,Champagne,https://www.hotelcollection.com/products/acoustic-studio-pro-scent-diffuser?variant=45761977778342
8421950961159,26.95,Single,https://www.hotelcollection.com/products/syrah-37?variant=43845580685478
,89.00,Case of 4,https://www.hotelcollection.com/products/syrah-37?variant=43845580718246
,159.00,Case of 6,https://www.hotelcollection.com/products/syrah-37?variant=43845580751014
,299.00,Case of 12,https://www.hotelcollection.com/products/syrah-37?variant=43845580783782
,14.99,Default Title,https://www.hotelcollection.com/products/studio-wireless-pro-remote?variant=45581357252774
810118948534,54.95,Pro-Pod™ / 30mL,https://www.hotelcollection.com/products/sith?variant=45581444120742
810118946172,54.95,Regular / 30mL,https://www.hotelcollection.com/products/sith?variant=45581289357478
810118948565,54.95,Pro-Pod™ / 30mL,https://www.hotelcollection.com/products/rebel-spirit?variant=45581444448422
810118946103,54.95,Regular / 30mL,https://www.hotelcollection.com/products/rebel-spirit?variant=45581290012838
810118946110,159.95,Regular / 500mL,https://www.hotelcollection.com/products/rebel-spirit?variant=45581444382886
810118940811,49.95,Default Title,https://www.hotelcollection.com/products/desert-rose-room-spray?variant=45581281493158
860008971876,149.95,Black,https://www.hotelcollection.com/products/deluxe-midnight-in-paris-candle?variant=45581283393702
810118940064,149.95,White,https://www.hotelcollection.com/products/deluxe-midnight-in-paris-candle?variant=45581432914086
,99.95,My Way,https://www.hotelcollection.com/products/paris-collection-set?variant=46424622858406
,99.95,Dream On,https://www.hotelcollection.com/products/paris-collection-set?variant=46424622891174
,99.95,Escapade,https://www.hotelcollection.com/products/paris-collection-set?variant=46424623939750
,99.95,Chandelier,https://www.hotelcollection.com/products/paris-collection-set?variant=46424623972518
810118946622,49.95,Default Title,https://www.hotelcollection.com/products/the-force?variant=45581353648294
810118940859,17.95,Default Title,https://www.hotelcollection.com/products/wick-cutter?variant=45581279592614
810118946677,54.95,Pattern,https://www.hotelcollection.com/products/classic-dark-side-candle?variant=45581445562534
810118946684,54.95,Light Sabers,https://www.hotelcollection.com/products/classic-dark-side-candle?variant=45581290733734
810118946271,199.95,Default Title,https://www.hotelcollection.com/products/star-wars-%E2%84%A2-dark-side-chauffeur-car-diffuser?variant=45581291061414
810118942556,89.95,Default Title,https://www.hotelcollection.com/products/swirl-wine-decanter?variant=45581285654694
810118945892,49.95,Black,https://www.hotelcollection.com/products/classic-crystal-oud-candle?variant=45581287260326
810118946189,49.95,Default Title,https://www.hotelcollection.com/products/galactic-hope-1?variant=45581353975974
,27.95,Single,https://www.hotelcollection.com/products/chardonnay-10?variant=43843948544166
,89.00,Case of 4,https://www.hotelcollection.com/products/chardonnay-10?variant=43845276434598
,159.95,Case of 6,https://www.hotelcollection.com/products/chardonnay-10?variant=43843948576934
,299.00,Case of 12,https://www.hotelcollection.com/products/chardonnay-10?variant=43843948609702
810118948541,54.95,Pro-Pod™ / 30mL,https://www.hotelcollection.com/products/galactic-hope?variant=45581447102630
810118946189,54.95,Regular / 50mL,https://www.hotelcollection.com/products/galactic-hope?variant=45581291782310
860008971838,149.95,Black,https://www.hotelcollection.com/products/deluxe-black-velvet-candle?variant=45581279690918
810118940026,149.95,White,https://www.hotelcollection.com/products/deluxe-black-velvet-candle?variant=45581429506214
810118941634,49.95,Black,https://www.hotelcollection.com/products/classic-escape-candle-1?variant=45581290111142
810118946059,49.95,Default Title,https://www.hotelcollection.com/products/paradise-reed-diffuser?variant=45581287915686
810118948909,45.00,My Way / 40 oz,https://www.hotelcollection.com/products/sand-wax-refill?variant=44829294854310
810118948930,25.00,My Way / 20 oz,https://www.hotelcollection.com/products/sand-wax-refill?variant=44829302096038
810118948916,45.00,Dream On / 40 oz,https://www.hotelcollection.com/products/sand-wax-refill?variant=44829294887078
810118948947,25.00,Dream On / 20 oz,https://www.hotelcollection.com/products/sand-wax-refill?variant=44829302128806
810118948923,45.00,Black Velvet / 40 oz,https://www.hotelcollection.com/products/sand-wax-refill?variant=44829302161574
810118948954,25.00,Black Velvet / 20 oz,https://www.hotelcollection.com/products/sand-wax-refill?variant=44829302194342
810118945878,49.95,Default Title,https://www.hotelcollection.com/products/crystal-oud-room-spray?variant=45581287882918
810118940842,49.95,Default Title,https://www.hotelcollection.com/products/california-love-room-spray?variant=45581279887526
810118949425,54.95,Pro-Pod™ / 30mL,https://www.hotelcollection.com/products/bonbori?variant=45581362987174
810118949357,54.95,Regular / 30mL,https://www.hotelcollection.com/products/bonbori?variant=45587140608166
810118949364,89.95,Regular / 120mL,https://www.hotelcollection.com/products/bonbori?variant=45581362757798
810118949371,119.95,Regular / 200mL,https://www.hotelcollection.com/products/bonbori?variant=45587133169830
810118949388,159.95,Regular / 500mL,https://www.hotelcollection.com/products/bonbori?variant=45587133202598
,54.95,Pro-Pod™ / 30mL,https://www.hotelcollection.com/products/hot-toddy?variant=45856744308902
,54.95,Regular / 30mL,https://www.hotelcollection.com/products/hot-toddy?variant=44522627170470
,89.95,Regular / 120mL,https://www.hotelcollection.com/products/hot-toddy?variant=44522267213990
,159.95,Regular / 500mL,https://www.hotelcollection.com/products/hot-toddy?variant=44522627203238
810118945106,39.95,Default Title,https://www.hotelcollection.com/products/portable-usb-charger?variant=45581287358630
810118941740,59.95,Default Title,https://www.hotelcollection.com/products/e11even-reed-diffuser?variant=45581288341670
810161640799,54.95,Pro-Pod™ / 30mL,https://www.hotelcollection.com/products/riviera?variant=45581364199590
810161640737,89.95,Regular / 120mL,https://www.hotelcollection.com/products/riviera?variant=45587212173478
810161640744,119.95,Regular / 200mL,https://www.hotelcollection.com/products/riviera?variant=45587212206246
810161640751,159.95,Regular / 500mL,https://www.hotelcollection.com/products/riviera?variant=45587212140710
810118948169,44.95,Default Title,https://www.hotelcollection.com/products/pro-pod%E2%84%A2-cleaning-solution?variant=45581353713830
810118940729,49.95,Default Title,https://www.hotelcollection.com/products/mystify-reed-diffuser?variant=45581283688614
810118940828,49.95,Default Title,https://www.hotelcollection.com/products/mystify-room-spray?variant=45581283885222
810118942563,49.95,Default Title,https://www.hotelcollection.com/products/tote-bag?variant=45581285818534
810118944864,49.95,Default Title,https://www.hotelcollection.com/products/classic-cascade-candle?variant=45581288374438
810118946752,42.95,20mL,https://www.hotelcollection.com/products/jedi-chauffeur-car-diffuser-oil?variant=45581291913382
810118949586,169.95,My Way / Bone,https://www.hotelcollection.com/products/500ml-ceramic-reed-diffuser?variant=44841959489702
810118949593,169.95,My Way / Charcoal,https://www.hotelcollection.com/products/500ml-ceramic-reed-diffuser?variant=44841959522470
810118949623,169.95,Cabana / Bone,https://www.hotelcollection.com/products/500ml-ceramic-reed-diffuser?variant=44841959555238
810118949630,169.95,Cabana / Charcoal,https://www.hotelcollection.com/products/500ml-ceramic-reed-diffuser?variant=44841959588006
810118949661,169.95,Dream On / Bone,https://www.hotelcollection.com/products/500ml-ceramic-reed-diffuser?variant=44841959620774
810118949678,169.95,Dream On / Charcoal,https://www.hotelcollection.com/products/500ml-ceramic-reed-diffuser?variant=44841959653542
810118949708,169.95,24K Magic / Bone,https://www.hotelcollection.com/products/500ml-ceramic-reed-diffuser?variant=44841959686310
810118949715,169.95,24K Magic / Charcoal,https://www.hotelcollection.com/products/500ml-ceramic-reed-diffuser?variant=44841959719078
810118949746,169.95,Black Velvet / Bone,https://www.hotelcollection.com/products/500ml-ceramic-reed-diffuser?variant=44841959751846
810118949753,169.95,Black Velvet / Charcoal,https://www.hotelcollection.com/products/500ml-ceramic-reed-diffuser?variant=44841959817382
810118948800,54.95,Pro-Pod™ / 30mL,https://www.hotelcollection.com/products/canyon-lodge?variant=45586933252262
810118948435,54.95,Regular / 30mL,https://www.hotelcollection.com/products/canyon-lodge?variant=45581359349926
810118948442,89.95,Regular / 120mL,https://www.hotelcollection.com/products/canyon-lodge?variant=45581359513766
810118948459,119.95,Regular / 200mL,https://www.hotelcollection.com/products/canyon-lodge?variant=45586933153958
810118948466,159.95,Regular / 500mL,https://www.hotelcollection.com/products/canyon-lodge?variant=45581359743142
810118948572,54.95,Pro-Pod™ / 30mL,https://www.hotelcollection.com/products/the-empire?variant=45589704016038
810118946141,54.95,Regular / 30mL,https://www.hotelcollection.com/products/the-empire?variant=45581290635430
810118946158,159.95,Regular / 500mL,https://www.hotelcollection.com/products/the-empire?variant=45581445365926
810118941085,198.95,My Way,https://www.hotelcollection.com/products/signature-candle-collection?variant=45581284540582
810118941078,198.95,Dream On,https://www.hotelcollection.com/products/signature-candle-collection?variant=45581433897126
810118941061,198.95,Black Velvet,https://www.hotelcollection.com/products/signature-candle-collection?variant=45581433929894
810118941184,49.95,Black,https://www.hotelcollection.com/products/desert-rose?variant=45581280444582
,69.95,Pro-Pod™ / 30mL,https://www.hotelcollection.com/products/talentless?variant=45581440516262
810118943188,69.95,Regular / 30mL,https://www.hotelcollection.com/products/talentless?variant=45581287588006
810118945571,119.95,Regular / 200mL,https://www.hotelcollection.com/products/talentless?variant=45581440188582
,54.95,Pro-Pod™ / 30mL,https://www.hotelcollection.com/products/iced-gingerbread?variant=45856679329958
,54.95,Regular / 30mL,https://www.hotelcollection.com/products/iced-gingerbread?variant=45581284999334
,89.95,Regular / 120mL,https://www.hotelcollection.com/products/iced-gingerbread?variant=45581433995430
,159.95,Regular / 500mL,https://www.hotelcollection.com/products/iced-gingerbread?variant=45581434028198
810118940712,49.95,Default Title,https://www.hotelcollection.com/products/desert-rose-reed-diffuser?variant=45581279527078
810118946745,64.95,Default Title,https://www.hotelcollection.com/products/classic-e11even-candle?variant=45581285752998
810118948527,54.95,Pro-Pod™ / 30mL,https://www.hotelcollection.com/products/jedi?variant=45581444513958
810118946165,54.95,Regular / 30mL,https://www.hotelcollection.com/products/jedi?variant=45581290897574
810118941108,99.95,My Way & My Way,https://www.hotelcollection.com/products/candle-duo-gift-set?variant=45581284147366
810118941139,99.95,My Way & Dream On,https://www.hotelcollection.com/products/candle-duo-gift-set?variant=45581432946854
810118941122,99.95,My Way & Black Velvet,https://www.hotelcollection.com/products/candle-duo-gift-set?variant=45581432979622
810118948558,54.95,Pro-Pod™ / 30mL,https://www.hotelcollection.com/products/the-duel?variant=45581361414310
810118946196,54.95,Regular / 30mL,https://www.hotelcollection.com/products/the-duel?variant=45581361217702
810118948299,42.95,30,https://www.hotelcollection.com/products/cabana-pods?variant=45581365575846
810118948305,65.95,45,https://www.hotelcollection.com/products/cabana-pods?variant=45581365641382
810161641130,54.95,Pro-Pod™ / 30mL,https://www.hotelcollection.com/products/mandarin?variant=45586142134438
810161641079,89.95,Regular / 120mL,https://www.hotelcollection.com/products/mandarin?variant=45586142003366
810161641086,119.95,Regular / 200mL,https://www.hotelcollection.com/products/mandarin?variant=45586142068902
810161641093,159.95,Regular / 500mL,https://www.hotelcollection.com/products/mandarin?variant=45586142101670
810118940149,49.95,Black,https://www.hotelcollection.com/products/mystify-candle?variant=45581282541734
810118942525,49.95,Default Title,https://www.hotelcollection.com/products/e11even-room-spray?variant=45581288013990
810118948152,54.95,Pro-Pod™ / 30mL,https://www.hotelcollection.com/products/utopia?variant=45581443924134
810118946240,54.95,Regular / 30mL,https://www.hotelcollection.com/products/utopia?variant=45581289783462
810118946011,89.95,Regular / 120mL,https://www.hotelcollection.com/products/utopia?variant=45581443825830
810118946325,119.95,Regular / 200mL,https://www.hotelcollection.com/products/utopia?variant=45581443858598
810118946332,159.95,Regular / 500mL,https://www.hotelcollection.com/products/utopia?variant=45581443891366
810118946769,42.95,20mL,https://www.hotelcollection.com/products/empire-chauffeur-car-diffuser%E2%84%A2-oil?variant=45581290143910
